id,alias,name,image_url,is_closed,url,review_count,categories,rating,coordinates,transactions,location,phone,display_phone,distance,price
RFGINN-NvTscePX2RmT1aw,hunger-sticks-los-angeles,Hunger Sticks,https://s3-media3.fl.yelpcdn.com/bphoto/0w0VjIWgm8NmbeiCh_Ctvg/o.jpg,False,https://www.yelp.com/biz/hunger-sticks-los-angeles?adjust_creative=AJJp5ZbyG3U4JVXpf7gCgQ&utm_campaign=yelp_api_v3&utm_medium=api_v3_business_search&utm_source=AJJp5ZbyG3U4JVXpf7gCgQ,11,"[{'alias': 'foodtrucks', 'title': 'Food Trucks'}, {'alias': 'asianfusion', 'title': 'Asian Fusion'}]",4.0,"{'latitude': 34.04689, 'longitude': -118.21284}",[],"{'address1': '', 'address2': None, 'address3': '', 'city': 'Los Angeles', 'zip_code': '90033', 'country': 'US', 'state': 'CA', 'display_address': ['Los Angeles, CA 90033']}",+12134444647,(213) 444-4647,32670.40021468071,
YSRNzFeKOrDWbbqB0EmtIw,3941-tamales-glendora,3941 Tamales,https://s3-media2.fl.yelpcdn.com/bphoto/r9ItPzuCYpnddP8q4T4Pkw/o.jpg,False,https://www.yelp.com/biz/3941-tamales-glendora?adjust_creative=AJJp5ZbyG3U4JVXpf7gCgQ&utm_campaign=yelp_api_v3&utm_medium=api_v3_business_search&utm_source=AJJp5ZbyG3U4JVXpf7gCgQ,12,"[{'alias': 'foodtrucks', 'title': 'Food Trucks'}, {'alias': 'catering', 'title': 'Caterers'}]",4.0,"{'latitude': 34.130217, 'longitude': -117.860914}",[],"{'address1': '412 E Lemon Ave', 'address2': 'Unit B', 'address3': '', 'city': 'Glendora', 'zip_code': '91741', 'country': 'US', 'state': 'CA', 'display_address': ['412 E Lemon Ave', 'Unit B', 'Glendora, CA 91741']}",+16264288365,(626) 428-8365,12959.726046252652,$$
TSHEqE5VcgA6rwI0JkVNSA,messi-burgers-santa-ana,Messi Burgers,https://s3-media2.fl.yelpcdn.com/bphoto/m3KuosmjUmOCgODZbbQyDw/o.jpg,False,https://www.yelp.com/biz/messi-burgers-santa-ana?adjust_creative=AJJp5ZbyG3U4JVXpf7gCgQ&utm_campaign=yelp_api_v3&utm_medium=api_v3_business_search&utm_source=AJJp5ZbyG3U4JVXpf7gCgQ,41,"[{'alias': 'foodtrucks', 'title': 'Food Trucks'}, {'alias': 'burgers', 'title': 'Burgers'}, {'alias': 'chicken_wings', 'title': 'Chicken Wings'}]",4.5,"{'latitude': 33.70153, 'longitude': -117.87033}",[],"{'address1': '', 'address2': None, 'address3': '', 'city': 'Santa Ana', 'zip_code': '92707', 'country': 'US', 'state': 'CA', 'display_address': ['Santa Ana, CA 92707']}",+17147937369,(714) 793-7369,33494.6453927659,
Du_ngPVMS5QDryrdzlpJSA,burger-bombay-food-truck-el-monte,Burger Bombay Food Truck,https://s3-media3.fl.yelpcdn.com/bphoto/njEXdesmY5XXxVNc3XgA_g/o.jpg,False,https://www.yelp.com/biz/burger-bombay-food-truck-el-monte?adjust_creative=AJJp5ZbyG3U4JVXpf7gCgQ&utm_campaign=yelp_api_v3&utm_medium=api_v3_business_search&utm_source=AJJp5ZbyG3U4JVXpf7gCgQ,1,"[{'alias': 'indpak', 'title': 'Indian'}, {'alias': 'foodtrucks', 'title': 'Food Trucks'}, {'alias': 'burgers', 'title': 'Burgers'}]",1.0,"{'latitude': 34.0539257190273, 'longitude': -118.019921863392}",[],"{'address1': '2627 N Durfee Ave', 'address2': None, 'address3': '', 'city': 'El Monte', 'zip_code': '91732', 'country': 'US', 'state': 'CA', 'display_address': ['2627 N Durfee Ave', 'El Monte, CA 91732']}",+16262382875,(626) 238-2875,15418.943905180502,
XTtHIW0Hw1ClpaQgXbFvVg,taqueria-arbol-del-tule-rowland-heights,Taqueria Arbol Del Tule,https://s3-media1.fl.yelpcdn.com/bphoto/ipZGAopQ6o-pWaHUIONcMA/o.jpg,False,https://www.yelp.com/biz/taqueria-arbol-del-tule-rowland-heights?adjust_creative=AJJp5ZbyG3U4JVXpf7gCgQ&utm_campaign=yelp_api_v3&utm_medium=api_v3_business_search&utm_source=AJJp5ZbyG3U4JVXpf7gCgQ,150,"[{'alias': 'mexican', 'title': 'Mexican'}]",4.5,"{'latitude': 33.975931059657, 'longitude': -117.909532114863}",['delivery'],"{'address1': '2414 Fullerton Rd', 'address2': '', 'address3': None, 'city': 'Rowland Heights', 'zip_code': '91748', 'country': 'US', 'state': 'CA', 'display_address': ['2414 Fullerton Rd', 'Rowland Heights, CA 91748']}",+16269652603,(626) 965-2603,6204.788430738102,$
RTd8qW4O6vMbI14ofs9_Ag,chili-chili-mango-pasadena-6,Chili Chili Mango,https://s3-media2.fl.yelpcdn.com/bphoto/nWBoT0mYEJqTSGAde-843g/o.jpg,False,https://www.yelp.com/biz/chili-chili-mango-pasadena-6?adjust_creative=AJJp5ZbyG3U4JVXpf7gCgQ&utm_campaign=yelp_api_v3&utm_medium=api_v3_business_search&utm_source=AJJp5ZbyG3U4JVXpf7gCgQ,2,"[{'alias': 'icecream', 'title': 'Ice Cream & Frozen Yogurt'}, {'alias': 'foodtrucks', 'title': 'Food Trucks'}]",5.0,"{'latitude': 34.18704, 'longitude': -118.13342}",[],"{'address1': None, 'address2': None, 'address3': '', 'city': 'Pasadena', 'zip_code': '91001', 'country': 'US', 'state': 'CA', 'display_address': ['Pasadena, CA 91001']}",+16267651723,(626) 765-1723,32700.16157537489,$$
6DLse-2ZoXMJtHaM3uOd4w,tha-grub-plug-santa-ana,Tha Grub Plug,https://s3-media1.fl.yelpcdn.com/bphoto/JcO6lHQx26kX-RkRP79kFA/o.jpg,False,https://www.yelp.com/biz/tha-grub-plug-santa-ana?adjust_creative=AJJp5ZbyG3U4JVXpf7gCgQ&utm_campaign=yelp_api_v3&utm_medium=api_v3_business_search&utm_source=AJJp5ZbyG3U4JVXpf7gCgQ,17,"[{'alias': 'foodtrucks', 'title': 'Food Trucks'}, {'alias': 'tacos', 'title': 'Tacos'}, {'alias': 'catering', 'title': 'Caterers'}]",5.0,"{'latitude': 33.71427, 'longitude': -117.86933}",[],"{'address1': '2419 S Broadway', 'address2': None, 'address3': '', 'city': 'Santa Ana', 'zip_code': '92707', 'country': 'US', 'state': 'CA', 'display_address': ['2419 S Broadway', 'Santa Ana, CA 92707']}",+19493428110,(949) 342-8110,33306.6809097672,
l-ruRkAW2UVyBOYxYLetsQ,el-grito-inglewood-2,El Grito,https://s3-media1.fl.yelpcdn.com/bphoto/_jorU7oJzf1rgoYALfl1qQ/o.jpg,False,https://www.yelp.com/biz/el-grito-inglewood-2?adjust_creative=AJJp5ZbyG3U4JVXpf7gCgQ&utm_campaign=yelp_api_v3&utm_medium=api_v3_business_search&utm_source=AJJp5ZbyG3U4JVXpf7gCgQ,18,"[{'alias': 'foodtrucks', 'title': 'Food Trucks'}, {'alias': 'tacos', 'title': 'Tacos'}]",4.5,"{'latitude': 33.9398621, 'longitude': -118.3521759}",[],"{'address1': '10600 Hawthorne Blvd', 'address2': None, 'address3': '', 'city': 'Inglewood', 'zip_code': '90304', 'country': 'US', 'state': 'CA', 'display_address': ['10600 Hawthorne Blvd', 'Inglewood, CA 90304']}",+14242431123,(424) 243-1123,46123.63011697396,
HVR_EwGPUSkEdFwJXqrdiQ,profound-pizza-west-covina,Profound Pizza,https://s3-media2.fl.yelpcdn.com/bphoto/Ouhcse6u4TUT3V8oiIWtQA/o.jpg,False,https://www.yelp.com/biz/profound-pizza-west-covina?adjust_creative=AJJp5ZbyG3U4JVXpf7gCgQ&utm_campaign=yelp_api_v3&utm_medium=api_v3_business_search&utm_source=AJJp5ZbyG3U4JVXpf7gCgQ,4,"[{'alias': 'pizza', 'title': 'Pizza'}, {'alias': 'foodtrucks', 'title': 'Food Trucks'}]",4.0,"{'latitude': 34.07108, 'longitude': -117.93667}",[],"{'address1': '', 'address2': None, 'address3': '', 'city': 'West Covina', 'zip_code': '91790', 'country': 'US', 'state': 'CA', 'display_address': ['West Covina, CA 91790']}",+16263886111,(626) 388-6111,9550.684469070336,
DJs4RhklCkF6d68gD7G2Bw,tacos-rodriguez-la-puente-2,Tacos_rodriguez,https://s3-media2.fl.yelpcdn.com/bphoto/cD5nZD8m89kLgf0Zn8KMWA/o.jpg,False,https://www.yelp.com/biz/tacos-rodriguez-la-puente-2?adjust_creative=AJJp5ZbyG3U4JVXpf7gCgQ&utm_campaign=yelp_api_v3&utm_medium=api_v3_business_search&utm_source=AJJp5ZbyG3U4JVXpf7gCgQ,5,"[{'alias': 'foodtrucks', 'title': 'Food Trucks'}]",3.5,"{'latitude': 34.02995, 'longitude': -117.95299}",[],"{'address1': '15521 Temple Ave La Puente Ca', 'address2': None, 'address3': '', 'city': 'La Puente', 'zip_code': '91744', 'country': 'US', 'state': 'CA', 'display_address': ['15521 Temple Ave La Puente Ca', 'La Puente, CA 91744']}",+16264355379,(626) 435-5379,8764.358378483284,
MaMcWQp1PjAgW_bXjViSVg,the-feeding-frenzy-tustin-2,The Feeding Frenzy,https://s3-media1.fl.yelpcdn.com/bphoto/AmZLFRKFAW-KqQKKbORE4Q/o.jpg,False,https://www.yelp.com/biz/the-feeding-frenzy-tustin-2?adjust_creative=AJJp5ZbyG3U4JVXpf7gCgQ&utm_campaign=yelp_api_v3&utm_medium=api_v3_business_search&utm_source=AJJp5ZbyG3U4JVXpf7gCgQ,10,"[{'alias': 'foodtrucks', 'title': 'Food Trucks'}, {'alias': 'desserts', 'title': 'Desserts'}, {'alias': 'catering', 'title': 'Caterers'}]",5.0,"{'latitude': 33.73095, 'longitude': -117.81275}",[],"{'address1': None, 'address2': None, 'address3': '', 'city': 'Tustin', 'zip_code': '92780', 'country': 'US', 'state': 'CA', 'display_address': ['Tustin, CA 92780']}",+17146978016,(714) 697-8016,31037.04174216919,$
PDBsbA45BK8pj5iaKOVDsg,broken-rice-truck-santa-ana-2,Broken Rice Truck,https://s3-media1.fl.yelpcdn.com/bphoto/4GHq7yYbWGM0MFaZ3ejYOw/o.jpg,False,https://www.yelp.com/biz/broken-rice-truck-santa-ana-2?adjust_creative=AJJp5ZbyG3U4JVXpf7gCgQ&utm_campaign=yelp_api_v3&utm_medium=api_v3_business_search&utm_source=AJJp5ZbyG3U4JVXpf7gCgQ,50,"[{'alias': 'foodtrucks', 'title': 'Food Trucks'}, {'alias': 'cajun', 'title': 'Cajun/Creole'}]",4.0,"{'latitude': 33.7132431, 'longitude': -117.8718243}",[],"{'address1': '2520 S Birch St', 'address2': None, 'address3': '', 'city': 'Santa Ana', 'zip_code': '92707', 'country': 'US', 'state': 'CA', 'display_address': ['2520 S Birch St', 'Santa Ana, CA 92707']}",+19494079343,(949) 407-9343,33423.878026834296,$
7jMyDSmYRz5pKTKfehPegw,larrys-hot-lunch-taco-truck-la-puente,Larrys Hot Lunch Taco Truck,https://s3-media2.fl.yelpcdn.com/bphoto/bjxRh3t8YtFCWsoxRO0d7g/o.jpg,False,https://www.yelp.com/biz/larrys-hot-lunch-taco-truck-la-puente?adjust_creative=AJJp5ZbyG3U4JVXpf7gCgQ&utm_campaign=yelp_api_v3&utm_medium=api_v3_business_search&utm_source=AJJp5ZbyG3U4JVXpf7gCgQ,4,"[{'alias': 'foodtrucks', 'title': 'Food Trucks'}, {'alias': 'tacos', 'title': 'Tacos'}]",3.0,"{'latitude': 34.0377548086001, 'longitude': -117.94975884028}",[],"{'address1': '235 Turnbull Canyon Rd', 'address2': '', 'address3': '', 'city': 'La Puente', 'zip_code': '91745', 'country': 'US', 'state': 'CA', 'display_address': ['235 Turnbull Canyon Rd', 'La Puente, CA 91745']}",+16268554711,(626) 855-4711,8698.574682249944,$
P8XrfJHQUASiJk_UBEPBrA,mt-ice-cream-fullerton,MT Ice Cream,https://s3-media2.fl.yelpcdn.com/bphoto/rg1rSmaNFpjwj2L4y9NDTA/o.jpg,False,https://www.yelp.com/biz/mt-ice-cream-fullerton?adjust_creative=AJJp5ZbyG3U4JVXpf7gCgQ&utm_campaign=yelp_api_v3&utm_medium=api_v3_business_search&utm_source=AJJp5ZbyG3U4JVXpf7gCgQ,3,"[{'alias': 'foodtrucks', 'title': 'Food Trucks'}, {'alias': 'icecream', 'title': 'Ice Cream & Frozen Yogurt'}]",5.0,"{'latitude': 33.870624, 'longitude': -117.9196851}",[],"{'address1': '114 N Lemon St', 'address2': None, 'address3': '', 'city': 'Fullerton', 'zip_code': '92832', 'country': 'US', 'state': 'CA', 'display_address': ['114 N Lemon St', 'Fullerton, CA 92832']}",+17146058444,(714) 605-8444,16945.68562068811,$
Vxp5TnbAWHHiGhO800TqxA,208-taco-truck-valinda,208 Taco Truck,https://s3-media2.fl.yelpcdn.com/bphoto/QfX_Om2TiV5TaQDJYrFlgQ/o.jpg,False,https://www.yelp.com/biz/208-taco-truck-valinda?adjust_creative=AJJp5ZbyG3U4JVXpf7gCgQ&utm_campaign=yelp_api_v3&utm_medium=api_v3_business_search&utm_source=AJJp5ZbyG3U4JVXpf7gCgQ,1,"[{'alias': 'foodtrucks', 'title': 'Food Trucks'}, {'alias': 'mexican', 'title': 'Mexican'}]",3.0,"{'latitude': 34.0507335922703, 'longitude': -117.934070002197}",[],"{'address1': 'Walnut Cor Francisquito Ave', 'address2': '', 'address3': '', 'city': 'Valinda', 'zip_code': '91744', 'country': 'US', 'state': 'CA', 'display_address': ['Walnut Cor Francisquito Ave', 'Valinda, CA 91744']}",,,7976.8195031084215,
e5khpYuUqjDTfajRboJFpQ,sweet-suite-dessert-covina,Sweet Suite Dessert,https://s3-media2.fl.yelpcdn.com/bphoto/PKMVU_nDvHv0acCUQtzG8A/o.jpg,False,https://www.yelp.com/biz/sweet-suite-dessert-covina?adjust_creative=AJJp5ZbyG3U4JVXpf7gCgQ&utm_campaign=yelp_api_v3&utm_medium=api_v3_business_search&utm_source=AJJp5ZbyG3U4JVXpf7gCgQ,10,"[{'alias': 'desserts', 'title': 'Desserts'}, {'alias': 'catering', 'title': 'Caterers'}]",4.5,"{'latitude': 34.09585, 'longitude': -117.91074}",[],"{'address1': None, 'address2': None, 'address3': None, 'city': 'Covina', 'zip_code': '91722', 'country': 'US', 'state': 'CA', 'display_address': ['Covina, CA 91722']}",+16269220505,(626) 922-0505,10023.362344130257,$$
Qu2HgfgCMm0tr9hyMM6zhw,craftsman-catering-placentia-2,Craftsman Catering,https://s3-media4.fl.yelpcdn.com/bphoto/BsxqhrXJSTjGTTMFUSUR3g/o.jpg,False,https://www.yelp.com/biz/craftsman-catering-placentia-2?adjust_creative=AJJp5ZbyG3U4JVXpf7gCgQ&utm_campaign=yelp_api_v3&utm_medium=api_v3_business_search&utm_source=AJJp5ZbyG3U4JVXpf7gCgQ,7,"[{'alias': 'catering', 'title': 'Caterers'}]",4.5,"{'latitude': 33.882678, 'longitude': -117.860828}",[],"{'address1': '1114 Cypress Point Dr', 'address2': None, 'address3': None, 'city': 'Placentia', 'zip_code': '92870', 'country': 'US', 'state': 'CA', 'display_address': ['1114 Cypress Point Dr', 'Placentia, CA 92870']}",+17145791777,(714) 579-1777,14565.848175743595,
ZCmmCN5i4eHcpRxdMFig4w,la-fiesta-mexican-cuisine-la-habra,La Fiesta Mexican Cuisine,https://s3-media1.fl.yelpcdn.com/bphoto/_mjDTI-PfbXjYL12vAjPvg/o.jpg,False,https://www.yelp.com/biz/la-fiesta-mexican-cuisine-la-habra?adjust_creative=AJJp5ZbyG3U4JVXpf7gCgQ&utm_campaign=yelp_api_v3&utm_medium=api_v3_business_search&utm_source=AJJp5ZbyG3U4JVXpf7gCgQ,5,"[{'alias': 'foodtrucks', 'title': 'Food Trucks'}, {'alias': 'mexican', 'title': 'Mexican'}]",3.5,"{'latitude': 33.9394838, 'longitude': -117.9644672}","['delivery', 'pickup']","{'address1': '1634 W Whittier Blvd', 'address2': None, 'address3': None, 'city': 'La Habra', 'zip_code': '90631', 'country': 'US', 'state': 'CA', 'display_address': ['1634 W Whittier Blvd', 'La Habra, CA 90631']}",+15629670268,(562) 967-0268,12685.481813850756,
-Br-JIbWn_9tC5SIdvgcOQ,mad-dumplings-santa-ana,Mad Dumplings,https://s3-media3.fl.yelpcdn.com/bphoto/S7B_WwL-VK9_BzfzKzXEJw/o.jpg,False,https://www.yelp.com/biz/mad-dumplings-santa-ana?adjust_creative=AJJp5ZbyG3U4JVXpf7gCgQ&utm_campaign=yelp_api_v3&utm_medium=api_v3_business_search&utm_source=AJJp5ZbyG3U4JVXpf7gCgQ,234,"[{'alias': 'foodtrucks', 'title': 'Food Trucks'}, {'alias': 'asianfusion', 'title': 'Asian Fusion'}, {'alias': 'chinese', 'title': 'Chinese'}]",4.0,"{'latitude': 33.712281, 'longitude': -117.872117}","['delivery', 'pickup']","{'address1': '2530 South Birch St', 'address2': None, 'address3': '', 'city': 'Santa Ana', 'zip_code': '92707', 'country': 'US', 'state': 'CA', 'display_address': ['2530 South Birch St', 'Santa Ana, CA 92707']}",+18185837137,(818) 583-7137,33531.69561653492,$$
_U1tbTm_U_1vssoTvoFsdQ,big-grandmas-kitchen-altadena,Big Grandma's Kitchen,https://s3-media2.fl.yelpcdn.com/bphoto/XZAy0CeNAL5Yw8eEtw4ldw/o.jpg,False,https://www.yelp.com/biz/big-grandmas-kitchen-altadena?adjust_creative=AJJp5ZbyG3U4JVXpf7gCgQ&utm_campaign=yelp_api_v3&utm_medium=api_v3_business_search&utm_source=AJJp5ZbyG3U4JVXpf7gCgQ,37,"[{'alias': 'foodtrucks', 'title': 'Food Trucks'}]",5.0,"{'latitude': 34.1849981, 'longitude': -118.1513044}",[],"{'address1': '2283 N Fair Oaks Ave', 'address2': None, 'address3': '', 'city': 'Altadena', 'zip_code': '91001', 'country': 'US', 'state': 'CA', 'display_address': ['2283 N Fair Oaks Ave', 'Altadena, CA 91001']}",+16263543619,(626) 354-3619,32902.782546187154,
ougNefTVrmlv0Z1ZID8kfw,the-f-truck-los-angeles,The F Truck,https://s3-media3.fl.yelpcdn.com/bphoto/QbWjIWs50EVlxDWMLNvVrw/o.jpg,False,https://www.yelp.com/biz/the-f-truck-los-angeles?adjust_creative=AJJp5ZbyG3U4JVXpf7gCgQ&utm_campaign=yelp_api_v3&utm_medium=api_v3_business_search&utm_source=AJJp5ZbyG3U4JVXpf7gCgQ,7,"[{'alias': 'foodtrucks', 'title': 'Food Trucks'}]",5.0,"{'latitude': 34.06757, 'longitude': -118.24115}",[],"{'address1': None, 'address2': None, 'address3': '', 'city': 'Los Angeles', 'zip_code': '90012', 'country': 'US', 'state': 'CA', 'display_address': ['Los Angeles, CA 90012']}",+16269567740,(626) 956-7740,35839.959831850465,
YALPNBoD91nbIYaqNJGu6A,big-mamas-hot-dogs-riverside,Big Mama's Hot Dogs,https://s3-media3.fl.yelpcdn.com/bphoto/uE5lQGO4MCIbcQAkG0-obw/o.jpg,False,https://www.yelp.com/biz/big-mamas-hot-dogs-riverside?adjust_creative=AJJp5ZbyG3U4JVXpf7gCgQ&utm_campaign=yelp_api_v3&utm_medium=api_v3_business_search&utm_source=AJJp5ZbyG3U4JVXpf7gCgQ,4,"[{'alias': 'hotdog', 'title': 'Hot Dogs'}, {'alias': 'foodtrucks', 'title': 'Food Trucks'}]",4.0,"{'latitude': 33.9799999, 'longitude': -117.37}",[],"{'address1': None, 'address2': None, 'address3': None, 'city': 'Riverside', 'zip_code': '92502', 'country': 'US', 'state': 'CA', 'display_address': ['Riverside, CA 92502']}",+19513135299,(951) 313-5299,45322.86318850358,
_f5pml8ywCXNkVXvGGCv7w,flames-all-stars-anaheim,Flames All Stars,https://s3-media2.fl.yelpcdn.com/bphoto/ugCuIT_MWkW1FFLPxUzXsw/o.jpg,False,https://www.yelp.com/biz/flames-all-stars-anaheim?adjust_creative=AJJp5ZbyG3U4JVXpf7gCgQ&utm_campaign=yelp_api_v3&utm_medium=api_v3_business_search&utm_source=AJJp5ZbyG3U4JVXpf7gCgQ,66,"[{'alias': 'foodtrucks', 'title': 'Food Trucks'}, {'alias': 'pizza', 'title': 'Pizza'}]",4.0,"{'latitude': 33.8045089, 'longitude': -117.8822935}",[],"{'address1': '2400 E Katella Ave', 'address2': '', 'address3': '', 'city': 'Anaheim', 'zip_code': '92806', 'country': 'US', 'state': 'CA', 'display_address': ['2400 E Katella Ave', 'Anaheim, CA 92806']}",+19499430263,(949) 943-0263,23348.805995909544,$$
fcExcVz67sU-sDSZ95OKcA,tres-compas-food-truck-santa-ana,Tres Compas Food Truck,https://s3-media2.fl.yelpcdn.com/bphoto/X5Qzj9s9jkFwJEd_X2RehA/o.jpg,False,https://www.yelp.com/biz/tres-compas-food-truck-santa-ana?adjust_creative=AJJp5ZbyG3U4JVXpf7gCgQ&utm_campaign=yelp_api_v3&utm_medium=api_v3_business_search&utm_source=AJJp5ZbyG3U4JVXpf7gCgQ,100,"[{'alias': 'foodtrucks', 'title': 'Food Trucks'}, {'alias': 'tacos', 'title': 'Tacos'}]",4.5,"{'latitude': 33.699836, 'longitude': -117.882535}",[],"{'address1': '1040 W MacArthur Blvd', 'address2': 'Ste 47', 'address3': None, 'city': 'Santa Ana', 'zip_code': '92707', 'country': 'US', 'state': 'CA', 'display_address': ['1040 W MacArthur Blvd', 'Ste 47', 'Santa Ana, CA 92707']}",+17143668692,(714) 366-8692,34958.93982615543,$$
_g1eQaa95snVMW0xOINbYA,el-padrino-tacos-fontana,El Padrino Tacos,https://s3-media2.fl.yelpcdn.com/bphoto/KhG4PDyx7zWJ54UUXSqL6A/o.jpg,False,https://www.yelp.com/biz/el-padrino-tacos-fontana?adjust_creative=AJJp5ZbyG3U4JVXpf7gCgQ&utm_campaign=yelp_api_v3&utm_medium=api_v3_business_search&utm_source=AJJp5ZbyG3U4JVXpf7gCgQ,2,"[{'alias': 'streetvendors', 'title': 'Street Vendors'}, {'alias': 'foodtrucks', 'title': 'Food Trucks'}]",5.0,"{'latitude': 34.08707, 'longitude': -117.46411}",[],"{'address1': None, 'address2': None, 'address3': '', 'city': 'Fontana', 'zip_code': '92335', 'country': 'US', 'state': 'CA', 'display_address': ['Fontana, CA 92335']}",+19095443329,(909) 544-3329,36998.97294365262,
Dwh341bcxS626zTMmxE3ag,taco-nazo-walnut,Taco Nazo,https://s3-media4.fl.yelpcdn.com/bphoto/CA_dLd7bw7FmdT-Qzmp3Jg/o.jpg,False,https://www.yelp.com/biz/taco-nazo-walnut?adjust_creative=AJJp5ZbyG3U4JVXpf7gCgQ&utm_campaign=yelp_api_v3&utm_medium=api_v3_business_search&utm_source=AJJp5ZbyG3U4JVXpf7gCgQ,488,"[{'alias': 'seafood', 'title': 'Seafood'}, {'alias': 'tacos', 'title': 'Tacos'}]",4.0,"{'latitude': 34.0449057, 'longitude': -117.8491188}","['delivery', 'pickup']","{'address1': '1267 N Grand Ave', 'address2': '', 'address3': '', 'city': 'Walnut', 'zip_code': '91789', 'country': 'US', 'state': 'CA', 'display_address': ['1267 N Grand Ave', 'Walnut, CA 91789']}",+19095950555,(909) 595-0555,3587.687640622938,$
0S_wo1Tm7RtLnPzlgH4Z6Q,belly-bombz-food-truck-long-beach-3,Belly Bombz Food Truck,https://s3-media2.fl.yelpcdn.com/bphoto/_1Xu4yEZrCCbNWU5E6nCJQ/o.jpg,False,https://www.yelp.com/biz/belly-bombz-food-truck-long-beach-3?adjust_creative=AJJp5ZbyG3U4JVXpf7gCgQ&utm_campaign=yelp_api_v3&utm_medium=api_v3_business_search&utm_source=AJJp5ZbyG3U4JVXpf7gCgQ,227,"[{'alias': 'chicken_wings', 'title': 'Chicken Wings'}, {'alias': 'foodtrucks', 'title': 'Food Trucks'}]",3.5,"{'latitude': 33.7827453613281, 'longitude': -118.161155700684}","['delivery', 'pickup']","{'address1': '', 'address2': '', 'address3': '', 'city': 'Long Beach', 'zip_code': '90804', 'country': 'US', 'state': 'CA', 'display_address': ['Long Beach, CA 90804']}",+13238348229,(323) 834-8229,37274.71017052987,$$
rTauB9LqPx2ZelQljHED4A,taco-ranchero-cater-garden-grove,Taco Ranchero Cater,https://s3-media4.fl.yelpcdn.com/bphoto/K4inHb3XffAFoPS-n-G2Uw/o.jpg,False,https://www.yelp.com/biz/taco-ranchero-cater-garden-grove?adjust_creative=AJJp5ZbyG3U4JVXpf7gCgQ&utm_campaign=yelp_api_v3&utm_medium=api_v3_business_search&utm_source=AJJp5ZbyG3U4JVXpf7gCgQ,32,"[{'alias': 'mexican', 'title': 'Mexican'}, {'alias': 'foodtrucks', 'title': 'Food Trucks'}]",5.0,"{'latitude': 33.7702489874869, 'longitude': -117.919578999281}",[],"{'address1': '13242 Harbor Blvd', 'address2': '', 'address3': None, 'city': 'Garden Grove', 'zip_code': '92843', 'country': 'US', 'state': 'CA', 'display_address': ['13242 Harbor Blvd', 'Garden Grove, CA 92843']}",+17148018631,(714) 801-8631,27620.969204785382,$
eGHX2NwDznFsmC7-Gwk-rQ,baja-cali-fish-and-tacos-west-covina,Baja Cali Fish & Tacos,https://s3-media2.fl.yelpcdn.com/bphoto/AlLWiE5jOnEV1MPpTzy5dA/o.jpg,False,https://www.yelp.com/biz/baja-cali-fish-and-tacos-west-covina?adjust_creative=AJJp5ZbyG3U4JVXpf7gCgQ&utm_campaign=yelp_api_v3&utm_medium=api_v3_business_search&utm_source=AJJp5ZbyG3U4JVXpf7gCgQ,490,"[{'alias': 'seafood', 'title': 'Seafood'}, {'alias': 'tacos', 'title': 'Tacos'}]",4.5,"{'latitude': 34.0315037115264, 'longitude': -117.912778172851}","['delivery', 'pickup']","{'address1': '1535 E Amar Rd', 'address2': '', 'address3': '', 'city': 'West Covina', 'zip_code': '91792', 'country': 'US', 'state': 'CA', 'display_address': ['1535 E Amar Rd', 'West Covina, CA 91792']}",+16269771133,(626) 977-1133,5256.596459644061,$
v8CRj-hyaE_5GS3fHOhrLw,kings-empanadas-south-el-monte,King's Empanadas,https://s3-media4.fl.yelpcdn.com/bphoto/yPRBPZSk2IopctKnHinU3w/o.jpg,False,https://www.yelp.com/biz/kings-empanadas-south-el-monte?adjust_creative=AJJp5ZbyG3U4JVXpf7gCgQ&utm_campaign=yelp_api_v3&utm_medium=api_v3_business_search&utm_source=AJJp5ZbyG3U4JVXpf7gCgQ,12,"[{'alias': 'foodtrucks', 'title': 'Food Trucks'}, {'alias': 'empanadas', 'title': 'Empanadas'}]",3.5,"{'latitude': 34.04644, 'longitude': -118.04326}",[],"{'address1': '', 'address2': '', 'address3': None, 'city': 'South El Monte', 'zip_code': '91733', 'country': 'US', 'state': 'CA', 'display_address': ['South El Monte, CA 91733']}",+16264420200,(626) 442-0200,17730.164903532626,$
p-Kf5v_2xKJ_9WabmRvGTA,the-viking-truck-orange,The Viking Truck,https://s3-media3.fl.yelpcdn.com/bphoto/Q3XcqmZEroh_bdwcPMPBDQ/o.jpg,False,https://www.yelp.com/biz/the-viking-truck-orange?adjust_creative=AJJp5ZbyG3U4JVXpf7gCgQ&utm_campaign=yelp_api_v3&utm_medium=api_v3_business_search&utm_source=AJJp5ZbyG3U4JVXpf7gCgQ,275,"[{'alias': 'foodtrucks', 'title': 'Food Trucks'}]",4.5,"{'latitude': 33.722571, 'longitude': -118.003959}",[],"{'address1': '', 'address2': '', 'address3': '', 'city': 'Orange', 'zip_code': '92647', 'country': 'US', 'state': 'CA', 'display_address': ['Orange, CA 92647']}",+17143699800,(714) 369-9800,34922.79308924806,$
5rC3icaAFizeJh-3L0D9oA,tacos-el-compa-la-puente-5,Tacos El Compa,https://s3-media2.fl.yelpcdn.com/bphoto/q_W9sHSkHUE8UEe3-tTfcA/o.jpg,False,https://www.yelp.com/biz/tacos-el-compa-la-puente-5?adjust_creative=AJJp5ZbyG3U4JVXpf7gCgQ&utm_campaign=yelp_api_v3&utm_medium=api_v3_business_search&utm_source=AJJp5ZbyG3U4JVXpf7gCgQ,35,"[{'alias': 'mexican', 'title': 'Mexican'}, {'alias': 'streetvendors', 'title': 'Street Vendors'}]",3.5,"{'latitude': 34.0517692565918, 'longitude': -117.942260742188}",[],"{'address1': '1860 N Hacienda Blvd', 'address2': '', 'address3': '', 'city': 'La Puente', 'zip_code': '91744', 'country': 'US', 'state': 'CA', 'display_address': ['1860 N Hacienda Blvd', 'La Puente, CA 91744']}",+16267369640,(626) 736-9640,8687.396612606848,$
IAzVa3gaOGeIKttZqphD2g,teddys-red-tacos-los-angeles,Teddy's Red Tacos,https://s3-media4.fl.yelpcdn.com/bphoto/bJt65q2uNUkC94FclThn1g/o.jpg,False,https://www.yelp.com/biz/teddys-red-tacos-los-angeles?adjust_creative=AJJp5ZbyG3U4JVXpf7gCgQ&utm_campaign=yelp_api_v3&utm_medium=api_v3_business_search&utm_source=AJJp5ZbyG3U4JVXpf7gCgQ,845,"[{'alias': 'foodtrucks', 'title': 'Food Trucks'}, {'alias': 'tacos', 'title': 'Tacos'}]",4.0,"{'latitude': 33.9894829, 'longitude': -118.262014}",['delivery'],"{'address1': '731 East Slauson Ave', 'address2': None, 'address3': '', 'city': 'Los Angeles', 'zip_code': '90011', 'country': 'US', 'state': 'CA', 'display_address': ['731 East Slauson Ave', 'Los Angeles, CA 90011']}",+13234959654,(323) 495-9654,37160.431981751455,$
Yg5ZnvRtBxtotncl60KzVg,baabang-bangin-grub-n-stuff-anaheim-5,Baabang: Bangin Grub N' Stuff,https://s3-media3.fl.yelpcdn.com/bphoto/ydJnVfrqJ_6AtBIiU_h9zg/o.jpg,False,https://www.yelp.com/biz/baabang-bangin-grub-n-stuff-anaheim-5?adjust_creative=AJJp5ZbyG3U4JVXpf7gCgQ&utm_campaign=yelp_api_v3&utm_medium=api_v3_business_search&utm_source=AJJp5ZbyG3U4JVXpf7gCgQ,6,"[{'alias': 'catering', 'title': 'Caterers'}]",5.0,"{'latitude': 33.84367, 'longitude': -117.94299}",[],"{'address1': '', 'address2': None, 'address3': '', 'city': 'Anaheim', 'zip_code': '92801', 'country': 'US', 'state': 'CA', 'display_address': ['Anaheim, CA 92801']}",+17146037751,(714) 603-7751,20472.681300937606,
iEbnHpEOn5J9Ora1QM4nHA,the-coconut-truck-irvine-3,The Coconut Truck,https://s3-media1.fl.yelpcdn.com/bphoto/kyatwC3ykVAzTrJl4ntn6Q/o.jpg,False,https://www.yelp.com/biz/the-coconut-truck-irvine-3?adjust_creative=AJJp5ZbyG3U4JVXpf7gCgQ&utm_campaign=yelp_api_v3&utm_medium=api_v3_business_search&utm_source=AJJp5ZbyG3U4JVXpf7gCgQ,77,"[{'alias': 'foodtrucks', 'title': 'Food Trucks'}, {'alias': 'panasian', 'title': 'Pan Asian'}]",4.0,"{'latitude': 33.7209587097168, 'longitude': -117.78231048584}",[],"{'address1': None, 'address2': None, 'address3': '', 'city': 'Irvine', 'zip_code': '92602', 'country': 'US', 'state': 'CA', 'display_address': ['Irvine, CA 92602']}",+19493006709,(949) 300-6709,30723.27985184886,$$
hNIpIOUZplL_xSlgWeCBsg,the-lime-truck-irvine-3,The Lime Truck,https://s3-media3.fl.yelpcdn.com/bphoto/TkdK0mbyDiDqw8PCN47ZlQ/o.jpg,False,https://www.yelp.com/biz/the-lime-truck-irvine-3?adjust_creative=AJJp5ZbyG3U4JVXpf7gCgQ&utm_campaign=yelp_api_v3&utm_medium=api_v3_business_search&utm_source=AJJp5ZbyG3U4JVXpf7gCgQ,780,"[{'alias': 'catering', 'title': 'Caterers'}, {'alias': 'foodtrucks', 'title': 'Food Trucks'}]",4.0,"{'latitude': 33.6511684580308, 'longitude': -117.742817738291}",[],"{'address1': '16211 Construction Cir W', 'address2': '', 'address3': '', 'city': 'Irvine', 'zip_code': '92606', 'country': 'US', 'state': 'CA', 'display_address': ['16211 Construction Cir W', 'Irvine, CA 92606']}",+19492320690,(949) 232-0690,41735.097906331706,$
CEe6JhC6S-Zbe7Ef0sZbMQ,tikiz-of-riverside-and-corona-norco,Tikiz of Riverside & Corona,https://s3-media3.fl.yelpcdn.com/bphoto/Qs3wiSKsmx-sXAW14A0Zog/o.jpg,False,https://www.yelp.com/biz/tikiz-of-riverside-and-corona-norco?adjust_creative=AJJp5ZbyG3U4JVXpf7gCgQ&utm_campaign=yelp_api_v3&utm_medium=api_v3_business_search&utm_source=AJJp5ZbyG3U4JVXpf7gCgQ,7,"[{'alias': 'shavedice', 'title': 'Shaved Ice'}, {'alias': 'foodtrucks', 'title': 'Food Trucks'}, {'alias': 'icecream', 'title': 'Ice Cream & Frozen Yogurt'}]",5.0,"{'latitude': 33.9243659973145, 'longitude': -117.556991577148}",[],"{'address1': None, 'address2': None, 'address3': '', 'city': 'Norco', 'zip_code': '92860', 'country': 'US', 'state': 'CA', 'display_address': ['Norco, CA 92860']}",+18559519510,(855) 951-9510,31383.114044532304,
oKV-aXDXIEwbZa_rK_Vawg,kebabology-irvine-4,Kebabology,https://s3-media1.fl.yelpcdn.com/bphoto/QmKZREplMMdOk1ttoVCFXw/o.jpg,False,https://www.yelp.com/biz/kebabology-irvine-4?adjust_creative=AJJp5ZbyG3U4JVXpf7gCgQ&utm_campaign=yelp_api_v3&utm_medium=api_v3_business_search&utm_source=AJJp5ZbyG3U4JVXpf7gCgQ,26,"[{'alias': 'foodtrucks', 'title': 'Food Trucks'}]",4.0,"{'latitude': 33.6962072, 'longitude': -117.8221633}",[],"{'address1': '16221 Construction Cr', 'address2': None, 'address3': '', 'city': 'Irvine', 'zip_code': '92618', 'country': 'US', 'state': 'CA', 'display_address': ['16221 Construction Cr', 'Irvine, CA 92618']}",+17147450445,(714) 745-0445,35472.28475144108,
NqEqMBMMf_ULHKcCjsjUCw,tacos-rio-grande-la-puente,Tacos Rio Grande,https://s3-media2.fl.yelpcdn.com/bphoto/n5s_6CRJ-XPOxlbKeE6XOA/o.jpg,False,https://www.yelp.com/biz/tacos-rio-grande-la-puente?adjust_creative=AJJp5ZbyG3U4JVXpf7gCgQ&utm_campaign=yelp_api_v3&utm_medium=api_v3_business_search&utm_source=AJJp5ZbyG3U4JVXpf7gCgQ,6,"[{'alias': 'mexican', 'title': 'Mexican'}, {'alias': 'foodstands', 'title': 'Food Stands'}]",4.0,"{'latitude': 34.044780804181, 'longitude': -117.940161841309}",[],"{'address1': '15970 Maplegrove St', 'address2': '', 'address3': '', 'city': 'La Puente', 'zip_code': '91744', 'country': 'US', 'state': 'CA', 'display_address': ['15970 Maplegrove St', 'La Puente, CA 91744']}",+16266418096,(626) 641-8096,8160.801476027039,
FCvEAKOjCDWeebdSTccCfA,kream-kong-ice-cream-los-angeles-2,Kream Kong Ice Cream,https://s3-media4.fl.yelpcdn.com/bphoto/ULDoPXXacDfTI1ImHlaQdg/o.jpg,False,https://www.yelp.com/biz/kream-kong-ice-cream-los-angeles-2?adjust_creative=AJJp5ZbyG3U4JVXpf7gCgQ&utm_campaign=yelp_api_v3&utm_medium=api_v3_business_search&utm_source=AJJp5ZbyG3U4JVXpf7gCgQ,15,"[{'alias': 'icecream', 'title': 'Ice Cream & Frozen Yogurt'}, {'alias': 'foodtrucks', 'title': 'Food Trucks'}]",5.0,"{'latitude': 33.9736289978027, 'longitude': -118.249893188477}",[],"{'address1': None, 'address2': None, 'address3': '', 'city': 'Los Angeles', 'zip_code': '90001', 'country': 'US', 'state': 'CA', 'display_address': ['Los Angeles, CA 90001']}",+16263227657,(626) 322-7657,35998.210870350355,
WiTMRukKmLARoEoKdrV6Qg,okamoto-kitchen-los-angeles-2,Okamoto Kitchen,https://s3-media1.fl.yelpcdn.com/bphoto/8XtkG9NJgf3cZ1doXwsL0A/o.jpg,False,https://www.yelp.com/biz/okamoto-kitchen-los-angeles-2?adjust_creative=AJJp5ZbyG3U4JVXpf7gCgQ&utm_campaign=yelp_api_v3&utm_medium=api_v3_business_search&utm_source=AJJp5ZbyG3U4JVXpf7gCgQ,513,"[{'alias': 'foodtrucks', 'title': 'Food Trucks'}, {'alias': 'japanese', 'title': 'Japanese'}, {'alias': 'catering', 'title': 'Caterers'}]",4.0,"{'latitude': 34.1463062227897, 'longitude': -118.425396788406}","['delivery', 'pickup']","{'address1': None, 'address2': None, 'address3': '', 'city': 'Los Angeles', 'zip_code': '91423', 'country': 'US', 'state': 'CA', 'display_address': ['Los Angeles, CA 91423']}",+18183739767,(818) 373-9767,54124.03778229584,$$
vfIhADAscU-i_znfoU4mJQ,scooters-real-italian-ice-orange,Scooter's Real Italian Ice,https://s3-media4.fl.yelpcdn.com/bphoto/dMYXpWYvua1ydM61Hmcdzw/o.jpg,False,https://www.yelp.com/biz/scooters-real-italian-ice-orange?adjust_creative=AJJp5ZbyG3U4JVXpf7gCgQ&utm_campaign=yelp_api_v3&utm_medium=api_v3_business_search&utm_source=AJJp5ZbyG3U4JVXpf7gCgQ,45,"[{'alias': 'foodtrucks', 'title': 'Food Trucks'}, {'alias': 'desserts', 'title': 'Desserts'}, {'alias': 'shavedice', 'title': 'Shaved Ice'}]",5.0,"{'latitude': 33.76342, 'longitude': -117.79557}",[],"{'address1': '', 'address2': '', 'address3': '', 'city': 'Orange', 'zip_code': '92705', 'country': 'US', 'state': 'CA', 'display_address': ['Orange, CA 92705']}",+18553372668,(855) 337-2668,29667.998796067986,$
bx98Nr15LUBntgc9kqP15w,wings-n-waffles-los-angeles,Wings N Waffles,https://s3-media1.fl.yelpcdn.com/bphoto/mGOA6D-PIKdCqhVLa1NCRA/o.jpg,False,https://www.yelp.com/biz/wings-n-waffles-los-angeles?adjust_creative=AJJp5ZbyG3U4JVXpf7gCgQ&utm_campaign=yelp_api_v3&utm_medium=api_v3_business_search&utm_source=AJJp5ZbyG3U4JVXpf7gCgQ,97,"[{'alias': 'foodtrucks', 'title': 'Food Trucks'}, {'alias': 'catering', 'title': 'Caterers'}]",4.5,"{'latitude': 34.05814, 'longitude': -118.24666}",[],"{'address1': '', 'address2': '', 'address3': '', 'city': 'Los Angeles', 'zip_code': '90012', 'country': 'US', 'state': 'CA', 'display_address': ['Los Angeles, CA 90012']}",+18187380469,(818) 738-0469,35839.959831850465,$
Ox6KEoJNpShHZdVhuLwRLg,chiva-torta-santa-ana,Chiva Torta,https://s3-media2.fl.yelpcdn.com/bphoto/eDizasiarXLKoLl9CPy8YQ/o.jpg,False,https://www.yelp.com/biz/chiva-torta-santa-ana?adjust_creative=AJJp5ZbyG3U4JVXpf7gCgQ&utm_campaign=yelp_api_v3&utm_medium=api_v3_business_search&utm_source=AJJp5ZbyG3U4JVXpf7gCgQ,89,"[{'alias': 'mexican', 'title': 'Mexican'}, {'alias': 'foodtrucks', 'title': 'Food Trucks'}]",4.0,"{'latitude': 33.7482208, 'longitude': -117.863545}",[],"{'address1': '454 Mortimer St', 'address2': None, 'address3': None, 'city': 'Santa Ana', 'zip_code': '92701', 'country': 'US', 'state': 'CA', 'display_address': ['454 Mortimer St', 'Santa Ana, CA 92701']}",+17142359125,(714) 235-9125,29518.427992385594,$
UQdf0dhCdH-IpNhCseoibQ,tacos-el-gringo-santa-ana-2,Tacos El Gringo,https://s3-media2.fl.yelpcdn.com/bphoto/sg9QqF63_7mkYxvgnF9n1g/o.jpg,False,https://www.yelp.com/biz/tacos-el-gringo-santa-ana-2?adjust_creative=AJJp5ZbyG3U4JVXpf7gCgQ&utm_campaign=yelp_api_v3&utm_medium=api_v3_business_search&utm_source=AJJp5ZbyG3U4JVXpf7gCgQ,54,"[{'alias': 'tacos', 'title': 'Tacos'}, {'alias': 'foodtrucks', 'title': 'Food Trucks'}]",4.5,"{'latitude': 33.7431216, 'longitude': -117.8676586}",[],"{'address1': '302 S Main St', 'address2': None, 'address3': '', 'city': 'Santa Ana', 'zip_code': '92701', 'country': 'US', 'state': 'CA', 'display_address': ['302 S Main St', 'Santa Ana, CA 92701']}",+17142603696,(714) 260-3696,30091.977034566167,
PyivZWrHyYv4JQd9qGGrjw,tokyo-style-food-truck-and-catering-los-angeles-2,Tokyo Style Food Truck and Catering,https://s3-media4.fl.yelpcdn.com/bphoto/C09PbqFDB89xLhJH7uEsVQ/o.jpg,False,https://www.yelp.com/biz/tokyo-style-food-truck-and-catering-los-angeles-2?adjust_creative=AJJp5ZbyG3U4JVXpf7gCgQ&utm_campaign=yelp_api_v3&utm_medium=api_v3_business_search&utm_source=AJJp5ZbyG3U4JVXpf7gCgQ,186,"[{'alias': 'foodtrucks', 'title': 'Food Trucks'}, {'alias': 'japanese', 'title': 'Japanese'}, {'alias': 'asianfusion', 'title': 'Asian Fusion'}]",4.5,"{'latitude': 33.97363, 'longitude': -118.24989}",[],"{'address1': None, 'address2': None, 'address3': '', 'city': 'Los Angeles', 'zip_code': '90001', 'country': 'US', 'state': 'CA', 'display_address': ['Los Angeles, CA 90001']}",+13105916226,(310) 591-6226,35998.210870350355,$$
jsVvBcB2i0uyplnKK7eD1Q,churro-truck-moreno-valley-2,Churro Truck,https://s3-media2.fl.yelpcdn.com/bphoto/Q3JxVpYCNTCpFIGNFB8Ylg/o.jpg,False,https://www.yelp.com/biz/churro-truck-moreno-valley-2?adjust_creative=AJJp5ZbyG3U4JVXpf7gCgQ&utm_campaign=yelp_api_v3&utm_medium=api_v3_business_search&utm_source=AJJp5ZbyG3U4JVXpf7gCgQ,26,"[{'alias': 'desserts', 'title': 'Desserts'}, {'alias': 'foodtrucks', 'title': 'Food Trucks'}, {'alias': 'catering', 'title': 'Caterers'}]",4.5,"{'latitude': 33.9175295652114, 'longitude': -117.242373365196}",[],"{'address1': '', 'address2': '', 'address3': None, 'city': 'Moreno Valley', 'zip_code': '92553', 'country': 'US', 'state': 'CA', 'display_address': ['Moreno Valley, CA 92553']}",+19514359139,(951) 435-9139,57949.0847328778,
J3p_zHy9KGO31J8Y8WcP1A,goodfellas-taco-catering-bellflower,GoodFellas Taco Catering,https://s3-media3.fl.yelpcdn.com/bphoto/pyrzJN6nvsxGGwA4KgUDoA/o.jpg,False,https://www.yelp.com/biz/goodfellas-taco-catering-bellflower?adjust_creative=AJJp5ZbyG3U4JVXpf7gCgQ&utm_campaign=yelp_api_v3&utm_medium=api_v3_business_search&utm_source=AJJp5ZbyG3U4JVXpf7gCgQ,34,"[{'alias': 'fooddeliveryservices', 'title': 'Food Delivery Services'}, {'alias': 'catering', 'title': 'Caterers'}, {'alias': 'foodtrucks', 'title': 'Food Trucks'}]",4.5,"{'latitude': 33.8822393, 'longitude': -118.1239717}",[],"{'address1': '', 'address2': '', 'address3': '', 'city': 'Bellflower', 'zip_code': '90706', 'country': 'US', 'state': 'CA', 'display_address': ['Bellflower, CA 90706']}",+19093335527,(909) 333-5527,28401.738681540253,$$
IcVAGTh5Luqo4ONMmLlYpQ,the-steamin-burger-los-angeles,The Steamin' Burger,https://s3-media1.fl.yelpcdn.com/bphoto/j1jFkoJP63KYoQeP0oxNIg/o.jpg,False,https://www.yelp.com/biz/the-steamin-burger-los-angeles?adjust_creative=AJJp5ZbyG3U4JVXpf7gCgQ&utm_campaign=yelp_api_v3&utm_medium=api_v3_business_search&utm_source=AJJp5ZbyG3U4JVXpf7gCgQ,4,"[{'alias': 'foodtrucks', 'title': 'Food Trucks'}]",5.0,"{'latitude': 34.03198, 'longitude': -118.2442}",[],"{'address1': None, 'address2': None, 'address3': '', 'city': 'Los Angeles', 'zip_code': '90021', 'country': 'US', 'state': 'CA', 'display_address': ['Los Angeles, CA 90021']}",+13233745747,(323) 374-5747,34897.56842951058,
VR1y-Q5YxalDrELnzTAQvA,the-taco-man-catering-ontario-3,The Taco Man Catering,https://s3-media2.fl.yelpcdn.com/bphoto/mbD5B6nQxbTPm6pJSblXQQ/o.jpg,False,https://www.yelp.com/biz/the-taco-man-catering-ontario-3?adjust_creative=AJJp5ZbyG3U4JVXpf7gCgQ&utm_campaign=yelp_api_v3&utm_medium=api_v3_business_search&utm_source=AJJp5ZbyG3U4JVXpf7gCgQ,79,"[{'alias': 'catering', 'title': 'Caterers'}]",4.0,"{'latitude': 34.06832, 'longitude': -117.65579}",[],"{'address1': None, 'address2': None, 'address3': '', 'city': 'Ontario', 'zip_code': '91762', 'country': 'US', 'state': 'CA', 'display_address': ['Ontario, CA 91762']}",+19093984000,(909) 398-4000,18595.75402384728,
PhLKdaPcU9IR7IE40niJ0w,hungry-belly-los-angeles-4,Hungry Belly,https://s3-media2.fl.yelpcdn.com/bphoto/q_OAE8_2kHEjDKPj8tLuJg/o.jpg,False,https://www.yelp.com/biz/hungry-belly-los-angeles-4?adjust_creative=AJJp5ZbyG3U4JVXpf7gCgQ&utm_campaign=yelp_api_v3&utm_medium=api_v3_business_search&utm_source=AJJp5ZbyG3U4JVXpf7gCgQ,33,"[{'alias': 'foodtrucks', 'title': 'Food Trucks'}, {'alias': 'thai', 'title': 'Thai'}]",3.0,"{'latitude': 34.0583969, 'longitude': -118.1912081}",[],"{'address1': '1539 Fishburn Ave', 'address2': None, 'address3': '', 'city': 'Los Angeles', 'zip_code': '90063', 'country': 'US', 'state': 'CA', 'display_address': ['1539 Fishburn Ave', 'Los Angeles, CA 90063']}",+16268484321,(626) 848-4321,30926.01946588981,$$
lNnmA8gz8_5GPCgnBqsUpg,salt-n-pepper-truck-costa-mesa,Salt N Pepper Truck,https://s3-media3.fl.yelpcdn.com/bphoto/q-hUq7Ea0iYhJ8qDRvPsMA/o.jpg,False,https://www.yelp.com/biz/salt-n-pepper-truck-costa-mesa?adjust_creative=AJJp5ZbyG3U4JVXpf7gCgQ&utm_campaign=yelp_api_v3&utm_medium=api_v3_business_search&utm_source=AJJp5ZbyG3U4JVXpf7gCgQ,80,"[{'alias': 'foodtrucks', 'title': 'Food Trucks'}, {'alias': 'steak', 'title': 'Steakhouses'}, {'alias': 'hotdog', 'title': 'Hot Dogs'}]",3.0,"{'latitude': 33.6775207519531, 'longitude': -117.921119689941}",[],"{'address1': '', 'address2': '', 'address3': None, 'city': 'Costa Mesa', 'zip_code': '92626', 'country': 'US', 'state': 'CA', 'display_address': ['Costa Mesa, CA 92626']}",+19492643926,(949) 264-3926,36982.35776489338,$$$
oGiOtmV7KcEtCu0DWaR2PA,california-roasted-corn-costa-mesa,California Roasted Corn,https://s3-media1.fl.yelpcdn.com/bphoto/qWa42jPs1mGmm-MQpjfo_Q/o.jpg,False,https://www.yelp.com/biz/california-roasted-corn-costa-mesa?adjust_creative=AJJp5ZbyG3U4JVXpf7gCgQ&utm_campaign=yelp_api_v3&utm_medium=api_v3_business_search&utm_source=AJJp5ZbyG3U4JVXpf7gCgQ,2,"[{'alias': 'foodtrucks', 'title': 'Food Trucks'}]",5.0,"{'latitude': 33.6719398, 'longitude': -117.9118271}",[],"{'address1': '2701 Fairview Dr', 'address2': '', 'address3': '', 'city': 'Costa  Mesa', 'zip_code': '92680', 'country': 'US', 'state': 'CA', 'display_address': ['2701 Fairview Dr', 'Costa  Mesa, CA 92680']}",+17144679688,(714) 467-9688,38370.82144800468,
xSoIMortNzykYHzWGyMOtw,phenomnom-truck-huntington-beach-3,Phenomnom Truck,https://s3-media3.fl.yelpcdn.com/bphoto/gBfJSzOOLc0vwRPh9efAPQ/o.jpg,False,https://www.yelp.com/biz/phenomnom-truck-huntington-beach-3?adjust_creative=AJJp5ZbyG3U4JVXpf7gCgQ&utm_campaign=yelp_api_v3&utm_medium=api_v3_business_search&utm_source=AJJp5ZbyG3U4JVXpf7gCgQ,85,"[{'alias': 'foodtrucks', 'title': 'Food Trucks'}, {'alias': 'southern', 'title': 'Southern'}]",4.0,"{'latitude': 33.7099418640137, 'longitude': -117.99047088623}",[],"{'address1': None, 'address2': None, 'address3': '', 'city': 'Huntington Beach', 'zip_code': '92647', 'country': 'US', 'state': 'CA', 'display_address': ['Huntington Beach, CA 92647']}",+19494381187,(949) 438-1187,34922.79308924806,$$
ZhfgLXNNb2iZGQ5yntQ75A,chinese-laundry-los-angeles-7,Chinese Laundry,https://s3-media2.fl.yelpcdn.com/bphoto/Iyrza1wsog1_Y11Viz7oVg/o.jpg,False,https://www.yelp.com/biz/chinese-laundry-los-angeles-7?adjust_creative=AJJp5ZbyG3U4JVXpf7gCgQ&utm_campaign=yelp_api_v3&utm_medium=api_v3_business_search&utm_source=AJJp5ZbyG3U4JVXpf7gCgQ,60,"[{'alias': 'foodtrucks', 'title': 'Food Trucks'}, {'alias': 'catering', 'title': 'Caterers'}]",4.0,"{'latitude': 34.06757, 'longitude': -118.24115}",[],"{'address1': '', 'address2': '', 'address3': '', 'city': 'Los Angeles', 'zip_code': '90012', 'country': 'US', 'state': 'CA', 'display_address': ['Los Angeles, CA 90012']}",+16198656807,(619) 865-6807,35839.959831850465,$
VfAlzDfqVz5QgyS8IdgXJw,sweet-n-snowie-upland,Sweet N Snowie,https://s3-media4.fl.yelpcdn.com/bphoto/W4rF4lhLkyT67dIL4e-dQA/o.jpg,False,https://www.yelp.com/biz/sweet-n-snowie-upland?adjust_creative=AJJp5ZbyG3U4JVXpf7gCgQ&utm_campaign=yelp_api_v3&utm_medium=api_v3_business_search&utm_source=AJJp5ZbyG3U4JVXpf7gCgQ,2,"[{'alias': 'shavedice', 'title': 'Shaved Ice'}, {'alias': 'foodtrucks', 'title': 'Food Trucks'}]",4.5,"{'latitude': 34.1479873657227, 'longitude': -117.67301940918}",[],"{'address1': '', 'address2': '', 'address3': None, 'city': 'Upland', 'zip_code': '91784', 'country': 'US', 'state': 'CA', 'display_address': ['Upland, CA 91784']}",+19097317726,(909) 731-7726,25023.602581342722,
JxldhbA2gb8vTyM0bbM6Nw,gordolicious-tacos-and-catering-los-angeles-2,Gordolicious Tacos & Catering,https://s3-media1.fl.yelpcdn.com/bphoto/AgTrUbJRZHS43m1kL0GMaA/o.jpg,False,https://www.yelp.com/biz/gordolicious-tacos-and-catering-los-angeles-2?adjust_creative=AJJp5ZbyG3U4JVXpf7gCgQ&utm_campaign=yelp_api_v3&utm_medium=api_v3_business_search&utm_source=AJJp5ZbyG3U4JVXpf7gCgQ,6,"[{'alias': 'foodtrucks', 'title': 'Food Trucks'}, {'alias': 'mexican', 'title': 'Mexican'}]",5.0,"{'latitude': 33.9740867614746, 'longitude': -118.24983215332}",[],"{'address1': '', 'address2': None, 'address3': '', 'city': 'Los Angeles', 'zip_code': '90001', 'country': 'US', 'state': 'CA', 'display_address': ['Los Angeles, CA 90001']}",+16234336267,(623) 433-6267,35998.210870350355,
nMEh6boQ7v_q03qcFZZ79Q,white-rabbit-truck-los-angeles-4,White Rabbit Truck,https://s3-media1.fl.yelpcdn.com/bphoto/7TtiosYgBz71CrpDudXi2A/o.jpg,False,https://www.yelp.com/biz/white-rabbit-truck-los-angeles-4?adjust_creative=AJJp5ZbyG3U4JVXpf7gCgQ&utm_campaign=yelp_api_v3&utm_medium=api_v3_business_search&utm_source=AJJp5ZbyG3U4JVXpf7gCgQ,628,"[{'alias': 'filipino', 'title': 'Filipino'}, {'alias': 'foodtrucks', 'title': 'Food Trucks'}, {'alias': 'catering', 'title': 'Caterers'}]",3.5,"{'latitude': 34.0569114685059, 'longitude': -118.243949890137}",[],"{'address1': None, 'address2': None, 'address3': '', 'city': 'Los Angeles', 'zip_code': '90012', 'country': 'US', 'state': 'CA', 'display_address': ['Los Angeles, CA 90012']}",+18889072248,(888) 907-2248,35839.959831850465,$
LXJdeCW-VSGBJYXHG9nd5A,westside-taco-la-habra-4,Westside Taco,https://s3-media1.fl.yelpcdn.com/bphoto/FEaqAjFTuoMBdq8Q0-QclA/o.jpg,False,https://www.yelp.com/biz/westside-taco-la-habra-4?adjust_creative=AJJp5ZbyG3U4JVXpf7gCgQ&utm_campaign=yelp_api_v3&utm_medium=api_v3_business_search&utm_source=AJJp5ZbyG3U4JVXpf7gCgQ,62,"[{'alias': 'catering', 'title': 'Caterers'}]",5.0,"{'latitude': 33.92439, 'longitude': -117.95901}",[],"{'address1': '', 'address2': '', 'address3': '', 'city': 'La Habra', 'zip_code': '90631', 'country': 'US', 'state': 'CA', 'display_address': ['La Habra, CA 90631']}",+15627135150,(562) 713-5150,12079.43121218157,
RgUq2nW9aUrQJFaYA5-QLw,burning-buns-anaheim-4,Burning Buns,https://s3-media2.fl.yelpcdn.com/bphoto/uQUlpU8a-dWTZBzk6P3HZg/o.jpg,False,https://www.yelp.com/biz/burning-buns-anaheim-4?adjust_creative=AJJp5ZbyG3U4JVXpf7gCgQ&utm_campaign=yelp_api_v3&utm_medium=api_v3_business_search&utm_source=AJJp5ZbyG3U4JVXpf7gCgQ,261,"[{'alias': 'foodtrucks', 'title': 'Food Trucks'}, {'alias': 'burgers', 'title': 'Burgers'}, {'alias': 'sandwiches', 'title': 'Sandwiches'}]",4.5,"{'latitude': 33.6623991876128, 'longitude': -117.750723548234}",[],"{'address1': '', 'address2': None, 'address3': '', 'city': 'Anaheim', 'zip_code': '92807', 'country': 'US', 'state': 'CA', 'display_address': ['Anaheim, CA 92807']}",+16574002867,(657) 400-2867,40341.32654469804,$$
PH3sasg6P3PzBqNbXh8XuQ,tortas-ahogadas-los-primos-santa-ana,Tortas Ahogadas Los Primos,https://s3-media1.fl.yelpcdn.com/bphoto/S9EZK4OAcpo1rwjMUWDsQw/o.jpg,False,https://www.yelp.com/biz/tortas-ahogadas-los-primos-santa-ana?adjust_creative=AJJp5ZbyG3U4JVXpf7gCgQ&utm_campaign=yelp_api_v3&utm_medium=api_v3_business_search&utm_source=AJJp5ZbyG3U4JVXpf7gCgQ,104,"[{'alias': 'mexican', 'title': 'Mexican'}, {'alias': 'foodtrucks', 'title': 'Food Trucks'}]",4.5,"{'latitude': 33.74901, 'longitude': -117.89935}","['pickup', 'delivery']","{'address1': '2301 W 5th St', 'address2': '', 'address3': '', 'city': 'Santa Ana', 'zip_code': '92703', 'country': 'US', 'state': 'CA', 'display_address': ['2301 W 5th St', 'Santa Ana, CA 92703']}",+17144885609,(714) 488-5609,29661.538213122596,$
MHlu-jWnh8N0OCwMRwxuDA,dispatch-food-truck-irvine,Dispatch Food Truck,https://s3-media2.fl.yelpcdn.com/bphoto/HJTol-nLGv10VReioiz8gA/o.jpg,False,https://www.yelp.com/biz/dispatch-food-truck-irvine?adjust_creative=AJJp5ZbyG3U4JVXpf7gCgQ&utm_campaign=yelp_api_v3&utm_medium=api_v3_business_search&utm_source=AJJp5ZbyG3U4JVXpf7gCgQ,14,"[{'alias': 'foodtrucks', 'title': 'Food Trucks'}, {'alias': 'catering', 'title': 'Caterers'}]",3.5,"{'latitude': 33.6931915283203, 'longitude': -117.8330078125}",[],"{'address1': None, 'address2': None, 'address3': '', 'city': 'Irvine', 'zip_code': '92606', 'country': 'US', 'state': 'CA', 'display_address': ['Irvine, CA 92606']}",+19493507400,(949) 350-7400,36017.942968693744,$$
vzhLgBuAwcFuVwltFKR8nA,roaming-hunger-west-hollywood-2,Roaming Hunger,https://s3-media2.fl.yelpcdn.com/bphoto/pr2up-NaMRbOQ44BTkejYA/o.jpg,False,https://www.yelp.com/biz/roaming-hunger-west-hollywood-2?adjust_creative=AJJp5ZbyG3U4JVXpf7gCgQ&utm_campaign=yelp_api_v3&utm_medium=api_v3_business_search&utm_source=AJJp5ZbyG3U4JVXpf7gCgQ,124,"[{'alias': 'foodtrucks', 'title': 'Food Trucks'}, {'alias': 'catering', 'title': 'Caterers'}]",4.0,"{'latitude': 34.097384, 'longitude': -118.3683601}",[],"{'address1': '8228 W Sunset Blvd', 'address2': None, 'address3': '', 'city': 'West Hollywood', 'zip_code': '90046', 'country': 'US', 'state': 'CA', 'display_address': ['8228 W Sunset Blvd', 'West Hollywood, CA 90046']}",+18005689370,(800) 568-9370,47752.51751191141,$$
umYtjrfYeKdFwH9rIoBCLQ,jinza-teriyaki-pomona,Jinza Teriyaki,https://s3-media3.fl.yelpcdn.com/bphoto/wVsjx5qsPdDAD_sbZTWy0w/o.jpg,False,https://www.yelp.com/biz/jinza-teriyaki-pomona?adjust_creative=AJJp5ZbyG3U4JVXpf7gCgQ&utm_campaign=yelp_api_v3&utm_medium=api_v3_business_search&utm_source=AJJp5ZbyG3U4JVXpf7gCgQ,480,"[{'alias': 'japanese', 'title': 'Japanese'}, {'alias': 'korean', 'title': 'Korean'}, {'alias': 'hawaiian', 'title': 'Hawaiian'}]",4.5,"{'latitude': 34.0468669, 'longitude': -117.8115346}",['delivery'],"{'address1': '3425 Pomona Blvd', 'address2': 'Ste 1', 'address3': '', 'city': 'Pomona', 'zip_code': '91768', 'country': 'US', 'state': 'CA', 'display_address': ['3425 Pomona Blvd', 'Ste 1', 'Pomona, CA 91768']}",+19095951135,(909) 595-1135,5820.1305719238235,$
hwQ8X22dTh33Z4bwxmKyPA,chinese-laundry-catering-los-angeles,Chinese Laundry Catering,https://s3-media1.fl.yelpcdn.com/bphoto/Yi70Tsx8yjLllItMdidm0w/o.jpg,False,https://www.yelp.com/biz/chinese-laundry-catering-los-angeles?adjust_creative=AJJp5ZbyG3U4JVXpf7gCgQ&utm_campaign=yelp_api_v3&utm_medium=api_v3_business_search&utm_source=AJJp5ZbyG3U4JVXpf7gCgQ,6,"[{'alias': 'foodtrucks', 'title': 'Food Trucks'}, {'alias': 'catering', 'title': 'Caterers'}]",5.0,"{'latitude': 34.050594329834, 'longitude': -118.21248626709}",[],"{'address1': None, 'address2': None, 'address3': None, 'city': 'Los Angeles', 'zip_code': '90033', 'country': 'US', 'state': 'CA', 'display_address': ['Los Angeles, CA 90033']}",+13234585824,(323) 458-5824,32670.40021468071,
A8u1P4p29eYwtVYbjQuRkw,brewwings-los-angeles,BrewWings,https://s3-media3.fl.yelpcdn.com/bphoto/DFYM4VCivE8nAv6llMJ7XA/o.jpg,False,https://www.yelp.com/biz/brewwings-los-angeles?adjust_creative=AJJp5ZbyG3U4JVXpf7gCgQ&utm_campaign=yelp_api_v3&utm_medium=api_v3_business_search&utm_source=AJJp5ZbyG3U4JVXpf7gCgQ,229,"[{'alias': 'chicken_wings', 'title': 'Chicken Wings'}, {'alias': 'catering', 'title': 'Caterers'}, {'alias': 'foodtrucks', 'title': 'Food Trucks'}]",3.5,"{'latitude': 34.05814, 'longitude': -118.24666}",[],"{'address1': '', 'address2': '', 'address3': '', 'city': 'Los Angeles', 'zip_code': '90012', 'country': 'US', 'state': 'CA', 'display_address': ['Los Angeles, CA 90012']}",+15623538999,(562) 353-8999,35839.959831850465,$$
iUHHuZmrMZJQLHL_eCQSIQ,fonda-don-chon-covina,Fonda Don Chon,https://s3-media2.fl.yelpcdn.com/bphoto/isNF1t2-VWg-ou8xaDmfXw/o.jpg,False,https://www.yelp.com/biz/fonda-don-chon-covina?adjust_creative=AJJp5ZbyG3U4JVXpf7gCgQ&utm_campaign=yelp_api_v3&utm_medium=api_v3_business_search&utm_source=AJJp5ZbyG3U4JVXpf7gCgQ,1955,"[{'alias': 'mexican', 'title': 'Mexican'}, {'alias': 'buffets', 'title': 'Buffets'}, {'alias': 'breakfast_brunch', 'title': 'Breakfast & Brunch'}]",4.5,"{'latitude': 34.07838, 'longitude': -117.88813}",['delivery'],"{'address1': '618 E Shoppers Ln', 'address2': '', 'address3': '', 'city': 'Covina', 'zip_code': '91723', 'country': 'US', 'state': 'CA', 'display_address': ['618 E Shoppers Ln', 'Covina, CA 91723']}",+16263324712,(626) 332-4712,7654.170673970985,$$
TYxzlQFrkFHxZIOhJHlgAg,wilsons-bbq-rib-shack-alhambra-2,Wilson's BBQ Rib Shack,https://s3-media1.fl.yelpcdn.com/bphoto/Eru7UTmS1D4-8W8fD0nBKg/o.jpg,False,https://www.yelp.com/biz/wilsons-bbq-rib-shack-alhambra-2?adjust_creative=AJJp5ZbyG3U4JVXpf7gCgQ&utm_campaign=yelp_api_v3&utm_medium=api_v3_business_search&utm_source=AJJp5ZbyG3U4JVXpf7gCgQ,25,"[{'alias': 'bbq', 'title': 'Barbeque'}, {'alias': 'foodtrucks', 'title': 'Food Trucks'}]",4.5,"{'latitude': 34.10375, 'longitude': -118.11753}","['pickup', 'delivery']","{'address1': '300 N El Molino St', 'address2': None, 'address3': '', 'city': 'Alhambra', 'zip_code': '91801', 'country': 'US', 'state': 'CA', 'display_address': ['300 N El Molino St', 'Alhambra, CA 91801']}",+13234570258,(323) 457-0258,25757.557744360718,
qu8yFETeo4J8fMbf_7XV_Q,urban-espresso-los-angeles-6,Urban Espresso,https://s3-media1.fl.yelpcdn.com/bphoto/J5ZrkpxsASnuAbYsJuNRFQ/o.jpg,False,https://www.yelp.com/biz/urban-espresso-los-angeles-6?adjust_creative=AJJp5ZbyG3U4JVXpf7gCgQ&utm_campaign=yelp_api_v3&utm_medium=api_v3_business_search&utm_source=AJJp5ZbyG3U4JVXpf7gCgQ,29,"[{'alias': 'foodtrucks', 'title': 'Food Trucks'}, {'alias': 'coffee', 'title': 'Coffee & Tea'}, {'alias': 'breakfast_brunch', 'title': 'Breakfast & Brunch'}]",4.5,"{'latitude': 34.03983, 'longitude': -118.26855}",[],"{'address1': '', 'address2': None, 'address3': '', 'city': 'Los Angeles', 'zip_code': '90015', 'country': 'US', 'state': 'CA', 'display_address': ['Los Angeles, CA 90015']}",+15627946484,(562) 794-6484,37643.081398349954,$
yvZhdhMtzkM3hZG5ZJHm9g,recess-truck-los-angeles-5,Recess Truck,https://s3-media3.fl.yelpcdn.com/bphoto/8zKvOer1FIUVEuS5Jv1V2g/o.jpg,False,https://www.yelp.com/biz/recess-truck-los-angeles-5?adjust_creative=AJJp5ZbyG3U4JVXpf7gCgQ&utm_campaign=yelp_api_v3&utm_medium=api_v3_business_search&utm_source=AJJp5ZbyG3U4JVXpf7gCgQ,69,"[{'alias': 'desserts', 'title': 'Desserts'}, {'alias': 'foodtrucks', 'title': 'Food Trucks'}, {'alias': 'icecream', 'title': 'Ice Cream & Frozen Yogurt'}]",4.0,"{'latitude': 34.040472, 'longitude': -118.2624381}",[],"{'address1': '1120 S Grand Ave', 'address2': None, 'address3': '', 'city': 'Los Angeles', 'zip_code': '90015', 'country': 'US', 'state': 'CA', 'display_address': ['1120 S Grand Ave', 'Los Angeles, CA 90015']}",+16262099831,(626) 209-9831,37210.47230502774,$$
VEeKLxA9rJZxTAygLx8FMw,ozzies-street-tacos-bloomington,Ozzies Street Tacos,https://s3-media1.fl.yelpcdn.com/bphoto/iwGS1sQSdse40Lm4Y_J4EA/o.jpg,False,https://www.yelp.com/biz/ozzies-street-tacos-bloomington?adjust_creative=AJJp5ZbyG3U4JVXpf7gCgQ&utm_campaign=yelp_api_v3&utm_medium=api_v3_business_search&utm_source=AJJp5ZbyG3U4JVXpf7gCgQ,104,"[{'alias': 'streetvendors', 'title': 'Street Vendors'}, {'alias': 'foodtrucks', 'title': 'Food Trucks'}, {'alias': 'catering', 'title': 'Caterers'}]",3.0,"{'latitude': 34.070924, 'longitude': -117.401168011129}","['pickup', 'delivery']","{'address1': '18484 Valley Blvd', 'address2': None, 'address3': '', 'city': 'Bloomington', 'zip_code': '92316', 'country': 'US', 'state': 'CA', 'display_address': ['18484 Valley Blvd', 'Bloomington, CA 92316']}",+19095622173,(909) 562-2173,42748.713827711625,
uJUVrZGEZ-mPudAFLzeCjg,chef-cs-smhokin-pot-hawthorne-24,Chef C's Smhokin Pot,https://s3-media4.fl.yelpcdn.com/bphoto/b7p5JA1swQoleuw7E0wzvw/o.jpg,False,https://www.yelp.com/biz/chef-cs-smhokin-pot-hawthorne-24?adjust_creative=AJJp5ZbyG3U4JVXpf7gCgQ&utm_campaign=yelp_api_v3&utm_medium=api_v3_business_search&utm_source=AJJp5ZbyG3U4JVXpf7gCgQ,91,"[{'alias': 'cajun', 'title': 'Cajun/Creole'}, {'alias': 'foodtrucks', 'title': 'Food Trucks'}, {'alias': 'southern', 'title': 'Southern'}]",3.5,"{'latitude': 33.916859, 'longitude': -118.333507}","['pickup', 'delivery']","{'address1': None, 'address2': None, 'address3': None, 'city': 'Hawthorne', 'zip_code': '90250', 'country': 'US', 'state': 'CA', 'display_address': ['Hawthorne, CA 90250']}",+13102832029,(310) 283-2029,44979.21534968999,$$
FgTN3Lzk0JtZmDHoYIsnqw,good-choice-catering-los-angeles,Good Choice Catering,https://s3-media4.fl.yelpcdn.com/bphoto/TIwcsKGmIvr-kMgG3dfq7w/o.jpg,False,https://www.yelp.com/biz/good-choice-catering-los-angeles?adjust_creative=AJJp5ZbyG3U4JVXpf7gCgQ&utm_campaign=yelp_api_v3&utm_medium=api_v3_business_search&utm_source=AJJp5ZbyG3U4JVXpf7gCgQ,1,"[{'alias': 'catering', 'title': 'Caterers'}, {'alias': 'personalchefs', 'title': 'Personal Chefs'}, {'alias': 'foodtrucks', 'title': 'Food Trucks'}]",5.0,"{'latitude': 34.0306777954102, 'longitude': -118.399559020996}",[],"{'address1': '', 'address2': None, 'address3': '', 'city': 'Los Angeles', 'zip_code': '90034', 'country': 'US', 'state': 'CA', 'display_address': ['Los Angeles, CA 90034']}",+12133217451,(213) 321-7451,49433.230574007306,
GXQ6Fp2k6bkmb_I4eDdzbQ,forbidden-nummies-anaheim,Forbidden Nummies,https://s3-media3.fl.yelpcdn.com/bphoto/uZAW_wXFxGeT-VtEZRUraw/o.jpg,False,https://www.yelp.com/biz/forbidden-nummies-anaheim?adjust_creative=AJJp5ZbyG3U4JVXpf7gCgQ&utm_campaign=yelp_api_v3&utm_medium=api_v3_business_search&utm_source=AJJp5ZbyG3U4JVXpf7gCgQ,1,"[{'alias': 'icecream', 'title': 'Ice Cream & Frozen Yogurt'}, {'alias': 'foodtrucks', 'title': 'Food Trucks'}]",5.0,"{'latitude': 33.6427683143078, 'longitude': -117.916118584908}",[],"{'address1': '114 S Lemon St', 'address2': '', 'address3': '', 'city': 'Anaheim', 'zip_code': '92805', 'country': 'US', 'state': 'CA', 'display_address': ['114 S Lemon St', 'Anaheim, CA 92805']}",+16572010049,(657) 201-0049,41567.34511150235,$
oq7chmXCqt_AqL7YfztkiQ,rad-coffee-truck-los-angeles,Rad Coffee Truck,https://s3-media3.fl.yelpcdn.com/bphoto/QE9_3yJANKOAPDlcL4VnPg/o.jpg,False,https://www.yelp.com/biz/rad-coffee-truck-los-angeles?adjust_creative=AJJp5ZbyG3U4JVXpf7gCgQ&utm_campaign=yelp_api_v3&utm_medium=api_v3_business_search&utm_source=AJJp5ZbyG3U4JVXpf7gCgQ,15,"[{'alias': 'foodtrucks', 'title': 'Food Trucks'}]",4.5,"{'latitude': 33.97934, 'longitude': -118.24968}",[],"{'address1': None, 'address2': None, 'address3': '', 'city': 'Los Angeles', 'zip_code': '90001', 'country': 'US', 'state': 'CA', 'display_address': ['Los Angeles, CA 90001']}",,,35998.210870350355,$$
zlCoaQwfJUon0mv_93YNWg,trukquito-pasadena-3,TrukQuito,https://s3-media3.fl.yelpcdn.com/bphoto/2PJotkgHwUV1GoPuWWWKkg/o.jpg,False,https://www.yelp.com/biz/trukquito-pasadena-3?adjust_creative=AJJp5ZbyG3U4JVXpf7gCgQ&utm_campaign=yelp_api_v3&utm_medium=api_v3_business_search&utm_source=AJJp5ZbyG3U4JVXpf7gCgQ,41,"[{'alias': 'catering', 'title': 'Caterers'}, {'alias': 'personalchefs', 'title': 'Personal Chefs'}]",5.0,"{'latitude': 34.1436195373535, 'longitude': -118.138900756836}",[],"{'address1': '', 'address2': None, 'address3': '', 'city': 'Pasadena', 'zip_code': '91101', 'country': 'US', 'state': 'CA', 'display_address': ['Pasadena, CA 91101']}",+19096779958,(909) 677-9958,29404.678576523194,
UwUSCkLwHkSH5t44A5eX3w,pizzami-buscemi-costa-mesa-2,Pizzami Buscemi,https://s3-media3.fl.yelpcdn.com/bphoto/8D13XonKAmlV2ETYOcV60w/o.jpg,False,https://www.yelp.com/biz/pizzami-buscemi-costa-mesa-2?adjust_creative=AJJp5ZbyG3U4JVXpf7gCgQ&utm_campaign=yelp_api_v3&utm_medium=api_v3_business_search&utm_source=AJJp5ZbyG3U4JVXpf7gCgQ,23,"[{'alias': 'foodtrucks', 'title': 'Food Trucks'}, {'alias': 'pizza', 'title': 'Pizza'}]",5.0,"{'latitude': 33.7121920348994, 'longitude': -117.871318426184}",[],"{'address1': None, 'address2': None, 'address3': '', 'city': 'Costa Mesa', 'zip_code': '92626', 'country': 'US', 'state': 'CA', 'display_address': ['Costa Mesa, CA 92626']}",+17145537897,(714) 553-7897,33539.194879199626,$
BxjE8ydBzOPWrSXUYcMyKA,chef-cesar-cuisine-los-angeles-2,Chef Cesar Cuisine,https://s3-media3.fl.yelpcdn.com/bphoto/6JpMF-6bwFNQw-pTslJTbg/o.jpg,False,https://www.yelp.com/biz/chef-cesar-cuisine-los-angeles-2?adjust_creative=AJJp5ZbyG3U4JVXpf7gCgQ&utm_campaign=yelp_api_v3&utm_medium=api_v3_business_search&utm_source=AJJp5ZbyG3U4JVXpf7gCgQ,13,"[{'alias': 'foodtrucks', 'title': 'Food Trucks'}, {'alias': 'catering', 'title': 'Caterers'}]",4.0,"{'latitude': 34.08996, 'longitude': -118.32842}",[],"{'address1': None, 'address2': None, 'address3': '', 'city': 'Los Angeles', 'zip_code': '90038', 'country': 'US', 'state': 'CA', 'display_address': ['Los Angeles, CA 90038']}",+13103596995,(310) 359-6995,44261.46136297804,
8GhsRq11wnjoDT1pCtbCuQ,taqueria-metro-basilica-la-puente,Taqueria Metro Basilica,https://s3-media1.fl.yelpcdn.com/bphoto/uLuPYTTjdJdG7lr6fBF6xw/o.jpg,False,https://www.yelp.com/biz/taqueria-metro-basilica-la-puente?adjust_creative=AJJp5ZbyG3U4JVXpf7gCgQ&utm_campaign=yelp_api_v3&utm_medium=api_v3_business_search&utm_source=AJJp5ZbyG3U4JVXpf7gCgQ,117,"[{'alias': 'mexican', 'title': 'Mexican'}]",4.0,"{'latitude': 34.0403604, 'longitude': -117.9494045}",['delivery'],"{'address1': '1118 N Hacienda Blvd', 'address2': '', 'address3': '', 'city': 'La Puente', 'zip_code': '91744', 'country': 'US', 'state': 'CA', 'display_address': ['1118 N Hacienda Blvd', 'La Puente, CA 91744']}",+16269184201,(626) 918-4201,8735.810126251688,$
-nBCxYVDcy80214fDH62fA,yakiya-hacienda-heights-3,Yakiya,https://s3-media2.fl.yelpcdn.com/bphoto/VNaDP2Xrgi7mVlshr_HmOw/o.jpg,False,https://www.yelp.com/biz/yakiya-hacienda-heights-3?adjust_creative=AJJp5ZbyG3U4JVXpf7gCgQ&utm_campaign=yelp_api_v3&utm_medium=api_v3_business_search&utm_source=AJJp5ZbyG3U4JVXpf7gCgQ,556,"[{'alias': 'japanese', 'title': 'Japanese'}, {'alias': 'bbq', 'title': 'Barbeque'}, {'alias': 'bars', 'title': 'Bars'}]",4.5,"{'latitude': 33.9906551, 'longitude': -117.9321072}",[],"{'address1': '17188 Colima Rd', 'address2': 'Ste C', 'address3': '', 'city': 'Hacienda Heights', 'zip_code': '91745', 'country': 'US', 'state': 'CA', 'display_address': ['17188 Colima Rd', 'Ste C', 'Hacienda Heights, CA 91745']}",+16265810080,(626) 581-0080,7153.268587330691,$$$$
eC6LKNPIDWHFj4KgDZgpJQ,uncle-johnnys-burgers-los-angeles,Uncle Johnny's Burgers,https://s3-media3.fl.yelpcdn.com/bphoto/JlIvtVoZ6LX44eHUGMXsKA/o.jpg,False,https://www.yelp.com/biz/uncle-johnnys-burgers-los-angeles?adjust_creative=AJJp5ZbyG3U4JVXpf7gCgQ&utm_campaign=yelp_api_v3&utm_medium=api_v3_business_search&utm_source=AJJp5ZbyG3U4JVXpf7gCgQ,78,"[{'alias': 'foodstands', 'title': 'Food Stands'}, {'alias': 'burgers', 'title': 'Burgers'}, {'alias': 'sandwiches', 'title': 'Sandwiches'}]",5.0,"{'latitude': 34.130508, 'longitude': -118.261388}",[],"{'address1': '4227 San Fernando Rd', 'address2': '', 'address3': '', 'city': 'Los Angeles', 'zip_code': '91304', 'country': 'US', 'state': 'CA', 'display_address': ['4227 San Fernando Rd', 'Los Angeles, CA 91304']}",+18184626535,(818) 462-6535,39189.156644765644,$$
oAAAz0c685tNjfJ3Rbu1jw,king-taco-catering-monrovia,King Taco Catering,https://s3-media4.fl.yelpcdn.com/bphoto/OhuVNibwciRmitZ8H2t5Vw/o.jpg,False,https://www.yelp.com/biz/king-taco-catering-monrovia?adjust_creative=AJJp5ZbyG3U4JVXpf7gCgQ&utm_campaign=yelp_api_v3&utm_medium=api_v3_business_search&utm_source=AJJp5ZbyG3U4JVXpf7gCgQ,14,"[{'alias': 'catering', 'title': 'Caterers'}]",5.0,"{'latitude': 34.1479377746582, 'longitude': -118.000061035156}",[],"{'address1': '', 'address2': None, 'address3': '', 'city': 'Monrovia', 'zip_code': '91016', 'country': 'US', 'state': 'CA', 'display_address': ['Monrovia, CA 91016']}",+16263576700,(626) 357-6700,20946.49444076051,
s-nSluuP5yRFqcdPOMbWNQ,otto-s-pizza-stix-los-angeles-2,Ottos Pizza Stix,https://s3-media4.fl.yelpcdn.com/bphoto/LV7Jie1JJ4UrmNfeGh58WQ/o.jpg,False,https://www.yelp.com/biz/otto-s-pizza-stix-los-angeles-2?adjust_creative=AJJp5ZbyG3U4JVXpf7gCgQ&utm_campaign=yelp_api_v3&utm_medium=api_v3_business_search&utm_source=AJJp5ZbyG3U4JVXpf7gCgQ,9,"[{'alias': 'foodtrucks', 'title': 'Food Trucks'}, {'alias': 'pizza', 'title': 'Pizza'}]",4.5,"{'latitude': 34.0624708095338, 'longitude': -118.358365834324}",['delivery'],"{'address1': '5900 Wilshire Blvd', 'address2': None, 'address3': '', 'city': 'Los Angeles', 'zip_code': '90036', 'country': 'US', 'state': 'CA', 'display_address': ['5900 Wilshire Blvd', 'Los Angeles, CA 90036']}",+15627431964,(562) 743-1964,46244.676098820695,
-efACZXjjng8u_zKze_NHQ,drizzle-orange-county-2,Drizzle,https://s3-media3.fl.yelpcdn.com/bphoto/yB3Y7IKJZsZbIHlnWSo69w/o.jpg,False,https://www.yelp.com/biz/drizzle-orange-county-2?adjust_creative=AJJp5ZbyG3U4JVXpf7gCgQ&utm_campaign=yelp_api_v3&utm_medium=api_v3_business_search&utm_source=AJJp5ZbyG3U4JVXpf7gCgQ,70,"[{'alias': 'desserts', 'title': 'Desserts'}, {'alias': 'foodtrucks', 'title': 'Food Trucks'}]",4.5,"{'latitude': 33.54461, 'longitude': -117.78529}",[],"{'address1': '', 'address2': None, 'address3': None, 'city': 'Orange County', 'zip_code': '92651', 'country': 'US', 'state': 'CA', 'display_address': ['Orange County, CA 92651']}",+17145894091,(714) 589-4091,51493.5009053276,$$
191z2_tUISlpmEL_cb69pQ,chipotle-mexican-grill-city-of-industry-3,Chipotle Mexican Grill,https://s3-media2.fl.yelpcdn.com/bphoto/7uU3CtlNYuBek03VGuT0LQ/o.jpg,False,https://www.yelp.com/biz/chipotle-mexican-grill-city-of-industry-3?adjust_creative=AJJp5ZbyG3U4JVXpf7gCgQ&utm_campaign=yelp_api_v3&utm_medium=api_v3_business_search&utm_source=AJJp5ZbyG3U4JVXpf7gCgQ,264,"[{'alias': 'hotdogs', 'title': 'Fast Food'}, {'alias': 'mexican', 'title': 'Mexican'}]",3.0,"{'latitude': 33.991186, 'longitude': -117.9246994}",['delivery'],"{'address1': '17501 Colima Rd', 'address2': 'Ste C', 'address3': None, 'city': 'City Of Industry', 'zip_code': '91748', 'country': 'US', 'state': 'CA', 'display_address': ['17501 Colima Rd', 'Ste C', 'City Of Industry, CA 91748']}",+16269649606,(626) 964-9606,6470.775261718211,$
_fOBQmfJEGC6ndCGZehdPQ,margi-hawthorne,MARGI,https://s3-media3.fl.yelpcdn.com/bphoto/SPF0Rzvr_h6odzvVyz5k9Q/o.jpg,False,https://www.yelp.com/biz/margi-hawthorne?adjust_creative=AJJp5ZbyG3U4JVXpf7gCgQ&utm_campaign=yelp_api_v3&utm_medium=api_v3_business_search&utm_source=AJJp5ZbyG3U4JVXpf7gCgQ,1,"[{'alias': 'foodtrucks', 'title': 'Food Trucks'}, {'alias': 'tex-mex', 'title': 'Tex-Mex'}, {'alias': 'mexican', 'title': 'Mexican'}]",5.0,"{'latitude': 33.92098, 'longitude': -118.35031}",[],"{'address1': None, 'address2': None, 'address3': None, 'city': 'Hawthorne', 'zip_code': '90250', 'country': 'US', 'state': 'CA', 'display_address': ['Hawthorne, CA 90250']}",+13103408511,(310) 340-8511,46748.1958689263,
2acU7KU1EgPNWQt8MFLOyQ,antojitos-el-buen-gusto-los-angeles,Antojitos El Buen Gusto,https://s3-media3.fl.yelpcdn.com/bphoto/b05CVXTOyAAwO5fkhocZXQ/o.jpg,False,https://www.yelp.com/biz/antojitos-el-buen-gusto-los-angeles?adjust_creative=AJJp5ZbyG3U4JVXpf7gCgQ&utm_campaign=yelp_api_v3&utm_medium=api_v3_business_search&utm_source=AJJp5ZbyG3U4JVXpf7gCgQ,4,"[{'alias': 'tacos', 'title': 'Tacos'}, {'alias': 'foodtrucks', 'title': 'Food Trucks'}, {'alias': 'fooddeliveryservices', 'title': 'Food Delivery Services'}]",5.0,"{'latitude': 33.8224529102469, 'longitude': -118.301476356315}",[],"{'address1': '22400 S Halldale Ave', 'address2': '', 'address3': None, 'city': 'Los Angeles', 'zip_code': '90501', 'country': 'US', 'state': 'CA', 'display_address': ['22400 S Halldale Ave', 'Los Angeles, CA 90501']}",+13233886844,(323) 388-6844,45955.2884533047,$$$
XT9LNwiuiqRsOaWCt--VTg,boca-del-rio-la-puente,Boca Del Rio,https://s3-media2.fl.yelpcdn.com/bphoto/z_PVTumhJAdJNO0Ix1Fbdw/o.jpg,False,https://www.yelp.com/biz/boca-del-rio-la-puente?adjust_creative=AJJp5ZbyG3U4JVXpf7gCgQ&utm_campaign=yelp_api_v3&utm_medium=api_v3_business_search&utm_source=AJJp5ZbyG3U4JVXpf7gCgQ,575,"[{'alias': 'mexican', 'title': 'Mexican'}, {'alias': 'hotdogs', 'title': 'Fast Food'}]",4.0,"{'latitude': 34.0414893, 'longitude': -117.9497635}",['delivery'],"{'address1': '1163 N Hacienda Blvd', 'address2': '', 'address3': '', 'city': 'La Puente', 'zip_code': '91744', 'country': 'US', 'state': 'CA', 'display_address': ['1163 N Hacienda Blvd', 'La Puente, CA 91744']}",+16269170311,(626) 917-0311,8833.450396355389,$
uu6gIcAUHs1ky1HP-afk0w,socal-smokehouse-bbq-los-angeles,Socal Smokehouse BBQ,,False,https://www.yelp.com/biz/socal-smokehouse-bbq-los-angeles?adjust_creative=AJJp5ZbyG3U4JVXpf7gCgQ&utm_campaign=yelp_api_v3&utm_medium=api_v3_business_search&utm_source=AJJp5ZbyG3U4JVXpf7gCgQ,1,"[{'alias': 'foodtrucks', 'title': 'Food Trucks'}, {'alias': 'catering', 'title': 'Caterers'}]",2.0,"{'latitude': 33.97397, 'longitude': -118.24989}",[],"{'address1': '', 'address2': None, 'address3': '', 'city': 'Los Angeles', 'zip_code': '90001', 'country': 'US', 'state': 'CA', 'display_address': ['Los Angeles, CA 90001']}",+13105967940,(310) 596-7940,35998.210870350355,
iDB2Hg9g_bl9FpONf3dahw,mikes-authentic-mexican-food-la-habra,Mike's Authentic Mexican Food,https://s3-media3.fl.yelpcdn.com/bphoto/t2zlvYu9HNQ3WNY_9YlMXQ/o.jpg,False,https://www.yelp.com/biz/mikes-authentic-mexican-food-la-habra?adjust_creative=AJJp5ZbyG3U4JVXpf7gCgQ&utm_campaign=yelp_api_v3&utm_medium=api_v3_business_search&utm_source=AJJp5ZbyG3U4JVXpf7gCgQ,98,"[{'alias': 'mexican', 'title': 'Mexican'}]",4.5,"{'latitude': 33.9388199, 'longitude': -117.9501114}",['delivery'],"{'address1': '430 W Whittier Blvd', 'address2': '', 'address3': '', 'city': 'La Habra', 'zip_code': '90631', 'country': 'US', 'state': 'CA', 'display_address': ['430 W Whittier Blvd', 'La Habra, CA 90631']}",+15626944456,(562) 694-4456,11752.143195764555,$
g9sy3hFf3CUsK98lg9teSw,little-lilys-kitchen-pasadena-3,Little Lily's Kitchen,https://s3-media3.fl.yelpcdn.com/bphoto/L1n36Sj1w8UIiunQ8nS8xw/o.jpg,False,https://www.yelp.com/biz/little-lilys-kitchen-pasadena-3?adjust_creative=AJJp5ZbyG3U4JVXpf7gCgQ&utm_campaign=yelp_api_v3&utm_medium=api_v3_business_search&utm_source=AJJp5ZbyG3U4JVXpf7gCgQ,67,"[{'alias': 'catering', 'title': 'Caterers'}]",5.0,"{'latitude': 34.1469355, 'longitude': -118.0948477}",[],"{'address1': '45 N Gabriel Blvd', 'address2': None, 'address3': '', 'city': 'Pasadena', 'zip_code': '91107', 'country': 'US', 'state': 'CA', 'display_address': ['45 N Gabriel Blvd', 'Pasadena, CA 91107']}",+18184454940,(818) 445-4940,26221.618813347806,
VJ0YTIlENEahSHR93Hak6Q,haole-boys-shave-ice-truck-huntington-beach,Haole Boys Shave Ice Truck,https://s3-media1.fl.yelpcdn.com/bphoto/gURt80zK-WZzx8eCIcoT-g/o.jpg,False,https://www.yelp.com/biz/haole-boys-shave-ice-truck-huntington-beach?adjust_creative=AJJp5ZbyG3U4JVXpf7gCgQ&utm_campaign=yelp_api_v3&utm_medium=api_v3_business_search&utm_source=AJJp5ZbyG3U4JVXpf7gCgQ,109,"[{'alias': 'foodtrucks', 'title': 'Food Trucks'}, {'alias': 'catering', 'title': 'Caterers'}, {'alias': 'shavedice', 'title': 'Shaved Ice'}]",5.0,"{'latitude': 33.66385, 'longitude': -117.99796}",[],"{'address1': '', 'address2': '', 'address3': '', 'city': 'Huntington Beach', 'zip_code': '92648', 'country': 'US', 'state': 'CA', 'display_address': ['Huntington Beach, CA 92648']}",+17147949825,(714) 794-9825,39882.734591822795,$
26V3Qpi6vJQwXGSDy6tpdw,anicca-laguna-beach-5,AniccA,https://s3-media3.fl.yelpcdn.com/bphoto/pT6TaKVVgkiEQrejcjE5Mg/o.jpg,False,https://www.yelp.com/biz/anicca-laguna-beach-5?adjust_creative=AJJp5ZbyG3U4JVXpf7gCgQ&utm_campaign=yelp_api_v3&utm_medium=api_v3_business_search&utm_source=AJJp5ZbyG3U4JVXpf7gCgQ,1,"[{'alias': 'catering', 'title': 'Caterers'}]",5.0,"{'latitude': 33.54537, 'longitude': -117.78153}",[],"{'address1': None, 'address2': None, 'address3': '', 'city': 'Laguna Beach', 'zip_code': '92627', 'country': 'US', 'state': 'CA', 'display_address': ['Laguna Beach, CA 92627']}",+19494784857,(949) 478-4857,40846.14096612517,
z4cO-3VnxXO13jOlqux9IA,the-angry-shrimp-fontana-3,The Angry Shrimp,https://s3-media1.fl.yelpcdn.com/bphoto/E4X-Tv9AMjxIiiqVdEdVBw/o.jpg,False,https://www.yelp.com/biz/the-angry-shrimp-fontana-3?adjust_creative=AJJp5ZbyG3U4JVXpf7gCgQ&utm_campaign=yelp_api_v3&utm_medium=api_v3_business_search&utm_source=AJJp5ZbyG3U4JVXpf7gCgQ,13,"[{'alias': 'foodtrucks', 'title': 'Food Trucks'}, {'alias': 'cajun', 'title': 'Cajun/Creole'}]",2.5,"{'latitude': 34.10261, 'longitude': -117.43576}",[],"{'address1': None, 'address2': None, 'address3': '', 'city': 'Fontana', 'zip_code': '92802', 'country': 'US', 'state': 'CA', 'display_address': ['Fontana, CA 92802']}",+19099914710,(909) 991-4710,40108.34873214131,$$
Jz_6RkdbtdWoon3DnqgTZg,mix-e-pasadena-9,MIX E,https://s3-media2.fl.yelpcdn.com/bphoto/49XfAKTTfPAZN0c9G0MXpA/o.jpg,False,https://www.yelp.com/biz/mix-e-pasadena-9?adjust_creative=AJJp5ZbyG3U4JVXpf7gCgQ&utm_campaign=yelp_api_v3&utm_medium=api_v3_business_search&utm_source=AJJp5ZbyG3U4JVXpf7gCgQ,2,"[{'alias': 'catering', 'title': 'Caterers'}, {'alias': 'desserts', 'title': 'Desserts'}, {'alias': 'foodtrucks', 'title': 'Food Trucks'}]",3.0,"{'latitude': 34.1436958312988, 'longitude': -118.138412475586}",[],"{'address1': '', 'address2': '', 'address3': '', 'city': 'Pasadena', 'zip_code': '91101', 'country': 'US', 'state': 'CA', 'display_address': ['Pasadena, CA 91101']}",+16266674256,(626) 667-4256,29404.678576523194,
W8hIZMMe1exoM9QaS5Bdnw,canyon-catering-orange-2,Canyon Catering,https://s3-media2.fl.yelpcdn.com/bphoto/Kll2tBevR2hpol3fbhASeg/o.jpg,False,https://www.yelp.com/biz/canyon-catering-orange-2?adjust_creative=AJJp5ZbyG3U4JVXpf7gCgQ&utm_campaign=yelp_api_v3&utm_medium=api_v3_business_search&utm_source=AJJp5ZbyG3U4JVXpf7gCgQ,85,"[{'alias': 'catering', 'title': 'Caterers'}]",5.0,"{'latitude': 33.826939, 'longitude': -117.857851}",[],"{'address1': '540 W Freedom Ave', 'address2': None, 'address3': None, 'city': 'Orange', 'zip_code': '92865', 'country': 'US', 'state': 'CA', 'display_address': ['540 W Freedom Ave', 'Orange, CA 92865']}",+17149707777,(714) 970-7777,20764.420069101896,
SdMaJYp3eWRLoeUJF0EH3Q,rounds-burgers-catering-los-angeles,Rounds Burgers Catering,https://s3-media3.fl.yelpcdn.com/bphoto/hvO0idi7Ab5pUuJI3PI85A/o.jpg,False,https://www.yelp.com/biz/rounds-burgers-catering-los-angeles?adjust_creative=AJJp5ZbyG3U4JVXpf7gCgQ&utm_campaign=yelp_api_v3&utm_medium=api_v3_business_search&utm_source=AJJp5ZbyG3U4JVXpf7gCgQ,4,"[{'alias': 'catering', 'title': 'Caterers'}]",3.0,"{'latitude': 33.97853, 'longitude': -118.2497}",[],"{'address1': None, 'address2': None, 'address3': '', 'city': 'Los Angeles', 'zip_code': '90001', 'country': 'US', 'state': 'CA', 'display_address': ['Los Angeles, CA 90001']}",+18186452669,(818) 645-2669,35998.210870350355,
bG3862jZH8I7JGXmbqenkg,tortas-2-die-4-catering-pasadena,Tortas 2 Die 4 Catering,https://s3-media3.fl.yelpcdn.com/bphoto/euBUVdfBOVBMIOxcV_61jA/o.jpg,False,https://www.yelp.com/biz/tortas-2-die-4-catering-pasadena?adjust_creative=AJJp5ZbyG3U4JVXpf7gCgQ&utm_campaign=yelp_api_v3&utm_medium=api_v3_business_search&utm_source=AJJp5ZbyG3U4JVXpf7gCgQ,5,"[{'alias': 'catering', 'title': 'Caterers'}]",4.0,"{'latitude': 34.14792, 'longitude': -118.12666}",[],"{'address1': '', 'address2': '', 'address3': '', 'city': 'Pasadena', 'zip_code': '91106', 'country': 'US', 'state': 'CA', 'display_address': ['Pasadena, CA 91106']}",+16265243766,(626) 524-3766,28632.8148220746,
PszIjyWwDinVevpEGhenvg,fettes-schwein-food-truck-santa-monica,Fettes Schwein Food Truck,https://s3-media3.fl.yelpcdn.com/bphoto/fl_hPKNPEoqfj_IYIVc9lg/o.jpg,False,https://www.yelp.com/biz/fettes-schwein-food-truck-santa-monica?adjust_creative=AJJp5ZbyG3U4JVXpf7gCgQ&utm_campaign=yelp_api_v3&utm_medium=api_v3_business_search&utm_source=AJJp5ZbyG3U4JVXpf7gCgQ,28,"[{'alias': 'foodtrucks', 'title': 'Food Trucks'}, {'alias': 'catering', 'title': 'Caterers'}]",4.5,"{'latitude': 34.0053558349609, 'longitude': -118.479789733887}",[],"{'address1': None, 'address2': None, 'address3': '', 'city': 'Santa Monica', 'zip_code': '90405', 'country': 'US', 'state': 'CA', 'display_address': ['Santa Monica, CA 90405']}",+13235611675,(323) 561-1675,55858.08658651298,$
sVQmOwdNtGKA5IYD5aMJ5A,la-patrona-la-puente-2,La Patrona,https://s3-media2.fl.yelpcdn.com/bphoto/rT1vXlql0XFawlLTAbu8mw/o.jpg,False,https://www.yelp.com/biz/la-patrona-la-puente-2?adjust_creative=AJJp5ZbyG3U4JVXpf7gCgQ&utm_campaign=yelp_api_v3&utm_medium=api_v3_business_search&utm_source=AJJp5ZbyG3U4JVXpf7gCgQ,33,"[{'alias': 'mexican', 'title': 'Mexican'}]",3.5,"{'latitude': 34.04516, 'longitude': -117.92622}",[],"{'address1': '1447 Valinda Ave', 'address2': '', 'address3': '', 'city': 'La Puente', 'zip_code': '91744', 'country': 'US', 'state': 'CA', 'display_address': ['1447 Valinda Ave', 'La Puente, CA 91744']}",+16269177662,(626) 917-7662,7038.578345963277,$
-SQt_VkXFAk5UUAj4oTq6Q,dog-haus-west-covina-west-covina,Dog Haus,https://s3-media1.fl.yelpcdn.com/bphoto/Kti1PvphKJ9vyyJ3IBj6Jg/o.jpg,False,https://www.yelp.com/biz/dog-haus-west-covina-west-covina?adjust_creative=AJJp5ZbyG3U4JVXpf7gCgQ&utm_campaign=yelp_api_v3&utm_medium=api_v3_business_search&utm_source=AJJp5ZbyG3U4JVXpf7gCgQ,695,"[{'alias': 'hotdog', 'title': 'Hot Dogs'}, {'alias': 'burgers', 'title': 'Burgers'}, {'alias': 'icecream', 'title': 'Ice Cream & Frozen Yogurt'}]",4.0,"{'latitude': 34.06996, 'longitude': -117.888419}","['delivery', 'pickup']","{'address1': '2678 East Garvey Ave S', 'address2': 'The McIntyre Square', 'address3': 'Mcintyre Square Plaza', 'city': 'West Covina', 'zip_code': '91791', 'country': 'US', 'state': 'CA', 'display_address': ['2678 East Garvey Ave S', 'The McIntyre Square', 'Mcintyre Square Plaza', 'West Covina, CA 91791']}",+16263314287,(626) 331-4287,6792.176242381747,$
P99biyopzVWash3vFCjzWw,el-pollo-loco-west-covina-4,El Pollo Loco,https://s3-media1.fl.yelpcdn.com/bphoto/Xk4GoZ2jc18bmG__nOo6Fg/o.jpg,False,https://www.yelp.com/biz/el-pollo-loco-west-covina-4?adjust_creative=AJJp5ZbyG3U4JVXpf7gCgQ&utm_campaign=yelp_api_v3&utm_medium=api_v3_business_search&utm_source=AJJp5ZbyG3U4JVXpf7gCgQ,123,"[{'alias': 'hotdogs', 'title': 'Fast Food'}, {'alias': 'mexican', 'title': 'Mexican'}]",1.5,"{'latitude': 34.0348746528763, 'longitude': -117.912683}",['delivery'],"{'address1': '2312 S Azusa Ave', 'address2': '', 'address3': '', 'city': 'West Covina', 'zip_code': '91792', 'country': 'US', 'state': 'CA', 'display_address': ['2312 S Azusa Ave', 'West Covina, CA 91792']}",+16269658119,(626) 965-8119,5401.1702094809025,$
6ChGXmD__lD_jXNetquZNA,soho-taco-gourmet-taco-catering-los-angeles,Soho Taco Gourmet Taco Catering,https://s3-media1.fl.yelpcdn.com/bphoto/zYb1PalUaM-ERnaytE4DZg/o.jpg,False,https://www.yelp.com/biz/soho-taco-gourmet-taco-catering-los-angeles?adjust_creative=AJJp5ZbyG3U4JVXpf7gCgQ&utm_campaign=yelp_api_v3&utm_medium=api_v3_business_search&utm_source=AJJp5ZbyG3U4JVXpf7gCgQ,21,"[{'alias': 'catering', 'title': 'Caterers'}]",5.0,"{'latitude': 34.047787, 'longitude': -118.249748}",[],"{'address1': '453 S Spring St', 'address2': 'Ste 1034', 'address3': '', 'city': 'Los Angeles', 'zip_code': '90013', 'country': 'US', 'state': 'CA', 'display_address': ['453 S Spring St', 'Ste 1034', 'Los Angeles, CA 90013']}",+17147939392,(714) 793-9392,36098.6680435981,
nCFKeQrKG-lVTw1rYMXvRw,pats-famous-bbq-orange-county,Pats Famous BBQ,https://s3-media2.fl.yelpcdn.com/bphoto/QoV9BOmHd64EAmfX3bnh-g/o.jpg,False,https://www.yelp.com/biz/pats-famous-bbq-orange-county?adjust_creative=AJJp5ZbyG3U4JVXpf7gCgQ&utm_campaign=yelp_api_v3&utm_medium=api_v3_business_search&utm_source=AJJp5ZbyG3U4JVXpf7gCgQ,93,"[{'alias': 'catering', 'title': 'Caterers'}]",5.0,"{'latitude': 33.8071594238281, 'longitude': -117.834503173828}",[],"{'address1': None, 'address2': None, 'address3': '', 'city': 'Orange County', 'zip_code': '92867', 'country': 'US', 'state': 'CA', 'display_address': ['Orange County, CA 92867']}",+19493029092,(949) 302-9092,21883.39823738715,
hnIED_bVbdYfEadyg_g3tw,taylor-made-cuisine-wilmington-2,Taylor Made Cuisine,https://s3-media3.fl.yelpcdn.com/bphoto/zBQF38TQ4VTpvvEL5dwQrw/o.jpg,False,https://www.yelp.com/biz/taylor-made-cuisine-wilmington-2?adjust_creative=AJJp5ZbyG3U4JVXpf7gCgQ&utm_campaign=yelp_api_v3&utm_medium=api_v3_business_search&utm_source=AJJp5ZbyG3U4JVXpf7gCgQ,6,"[{'alias': 'catering', 'title': 'Caterers'}, {'alias': 'personalchefs', 'title': 'Personal Chefs'}, {'alias': 'bartenders', 'title': 'Bartenders'}]",5.0,"{'latitude': 33.79124, 'longitude': -118.24662}",[],"{'address1': '1401 Pacific Coast Hwy', 'address2': None, 'address3': None, 'city': 'Wilmington', 'zip_code': '90744', 'country': 'US', 'state': 'CA', 'display_address': ['1401 Pacific Coast Hwy', 'Wilmington, CA 90744']}",+13109717905,(310) 971-7905,43410.316691110726,
Dep91xO1qblY4JNlYuLHaw,taste-thyme-catering-anaheim-2,Taste Thyme Catering,https://s3-media2.fl.yelpcdn.com/bphoto/gy42aMA24E5V5UDbiIuIZQ/o.jpg,False,https://www.yelp.com/biz/taste-thyme-catering-anaheim-2?adjust_creative=AJJp5ZbyG3U4JVXpf7gCgQ&utm_campaign=yelp_api_v3&utm_medium=api_v3_business_search&utm_source=AJJp5ZbyG3U4JVXpf7gCgQ,11,"[{'alias': 'catering', 'title': 'Caterers'}]",4.5,"{'latitude': 33.8124094, 'longitude': -117.9192679}",[],"{'address1': '', 'address2': None, 'address3': '', 'city': 'Anaheim', 'zip_code': '92802', 'country': 'US', 'state': 'CA', 'display_address': ['Anaheim, CA 92802']}",+13238777255,(323) 877-7255,23038.724989015533,
LMloErp3_etOWbqJ-K70dw,baby-come-back-ribs-and-pupusas-rialto,Baby Come Back Ribs and Pupusas,https://s3-media2.fl.yelpcdn.com/bphoto/Lg4SLBQbNMDTGk5W7ga4Ig/o.jpg,False,https://www.yelp.com/biz/baby-come-back-ribs-and-pupusas-rialto?adjust_creative=AJJp5ZbyG3U4JVXpf7gCgQ&utm_campaign=yelp_api_v3&utm_medium=api_v3_business_search&utm_source=AJJp5ZbyG3U4JVXpf7gCgQ,14,"[{'alias': 'catering', 'title': 'Caterers'}]",4.5,"{'latitude': 34.07552, 'longitude': -117.39891}",[],"{'address1': None, 'address2': None, 'address3': '', 'city': 'Rialto', 'zip_code': '92316', 'country': 'US', 'state': 'CA', 'display_address': ['Rialto, CA 92316']}",+19094196338,(909) 419-6338,42972.51950308275,
zUbOJ1T9shS21bzhZODfPA,novas-grill-covina-2,Nova's Grill,https://s3-media1.fl.yelpcdn.com/bphoto/Jw_HZGiG_VddcqFDlAj9fg/o.jpg,False,https://www.yelp.com/biz/novas-grill-covina-2?adjust_creative=AJJp5ZbyG3U4JVXpf7gCgQ&utm_campaign=yelp_api_v3&utm_medium=api_v3_business_search&utm_source=AJJp5ZbyG3U4JVXpf7gCgQ,348,"[{'alias': 'hotdogs', 'title': 'Fast Food'}, {'alias': 'filipino', 'title': 'Filipino'}, {'alias': 'bbq', 'title': 'Barbeque'}]",3.0,"{'latitude': 34.0890138, 'longitude': -117.9099529}",['delivery'],"{'address1': '989 W San Bernardino Rd', 'address2': '', 'address3': '', 'city': 'Covina', 'zip_code': '91722', 'country': 'US', 'state': 'CA', 'display_address': ['989 W San Bernardino Rd', 'Covina, CA 91722']}",+16263160595,(626) 316-0595,9620.591099287598,$
fSejTekxxgVMtHE0iBQp6Q,tacos-martn-muscoy-2,Tacos Martn,https://s3-media1.fl.yelpcdn.com/bphoto/vqiMjxm1Hlz-JO-DzHcpQg/o.jpg,False,https://www.yelp.com/biz/tacos-mart%C3%ADn-muscoy-2?adjust_creative=AJJp5ZbyG3U4JVXpf7gCgQ&utm_campaign=yelp_api_v3&utm_medium=api_v3_business_search&utm_source=AJJp5ZbyG3U4JVXpf7gCgQ,4,"[{'alias': 'foodtrucks', 'title': 'Food Trucks'}, {'alias': 'tacos', 'title': 'Tacos'}]",2.5,"{'latitude': 34.14665, 'longitude': -117.33899}",['delivery'],"{'address1': '2071 Darby St', 'address2': None, 'address3': '', 'city': 'Muscoy', 'zip_code': '92407', 'country': 'US', 'state': 'CA', 'display_address': ['2071 Darby St', 'Muscoy, CA 92407']}",+19512027646,(951) 202-7646,50206.052530415924,$
TZ7bY3_-WZKOkUD_jmc38g,ahipoki-west-covina,AhiPoki,https://s3-media2.fl.yelpcdn.com/bphoto/TZFT4weVuwM1_ssggSCNYw/o.jpg,False,https://www.yelp.com/biz/ahipoki-west-covina?adjust_creative=AJJp5ZbyG3U4JVXpf7gCgQ&utm_campaign=yelp_api_v3&utm_medium=api_v3_business_search&utm_source=AJJp5ZbyG3U4JVXpf7gCgQ,571,"[{'alias': 'poke', 'title': 'Poke'}, {'alias': 'seafood', 'title': 'Seafood'}, {'alias': 'hawaiian', 'title': 'Hawaiian'}]",4.0,"{'latitude': 34.074538, 'longitude': -117.881711}","['delivery', 'pickup']","{'address1': '245 N Barranca St', 'address2': None, 'address3': '', 'city': 'West Covina', 'zip_code': '91791', 'country': 'US', 'state': 'CA', 'display_address': ['245 N Barranca St', 'West Covina, CA 91791']}",+16263319000,(626) 331-9000,7058.813738189232,$$
FWBeF6g78wwphRkG64ngvA,babys-badass-burgers-los-angeles,Baby's Badass Burgers,https://s3-media2.fl.yelpcdn.com/bphoto/MTwDhrUzEazYILGjDgBOyQ/o.jpg,False,https://www.yelp.com/biz/babys-badass-burgers-los-angeles?adjust_creative=AJJp5ZbyG3U4JVXpf7gCgQ&utm_campaign=yelp_api_v3&utm_medium=api_v3_business_search&utm_source=AJJp5ZbyG3U4JVXpf7gCgQ,725,"[{'alias': 'burgers', 'title': 'Burgers'}, {'alias': 'foodtrucks', 'title': 'Food Trucks'}]",4.0,"{'latitude': 34.08841, 'longitude': -118.37783}",[],"{'address1': '', 'address2': '', 'address3': '', 'city': 'Los Angeles', 'zip_code': '90069', 'country': 'US', 'state': 'CA', 'display_address': ['Los Angeles, CA 90069']}",+18779622297,(877) 962-2297,48567.62403018188,$$
9KRWpewDdFs7fe3RwzOOrA,el-cholo-la-habra-2,El Cholo,https://s3-media1.fl.yelpcdn.com/bphoto/uG7k0oO-u4susEImfK1qqA/o.jpg,False,https://www.yelp.com/biz/el-cholo-la-habra-2?adjust_creative=AJJp5ZbyG3U4JVXpf7gCgQ&utm_campaign=yelp_api_v3&utm_medium=api_v3_business_search&utm_source=AJJp5ZbyG3U4JVXpf7gCgQ,622,"[{'alias': 'mexican', 'title': 'Mexican'}]",3.5,"{'latitude': 33.93873, 'longitude': -117.93722}","['delivery', 'pickup']","{'address1': '840 E Whittier Blvd', 'address2': '', 'address3': '', 'city': 'La Habra', 'zip_code': '90631', 'country': 'US', 'state': 'CA', 'display_address': ['840 E Whittier Blvd', 'La Habra, CA 90631']}",+15626914618,(562) 691-4618,10961.142695593166,$$
Vo0URIqLXq6-JlEhXHrHhA,love-at-first-bite-catering-huntington-beach,Love At First Bite Catering,https://s3-media1.fl.yelpcdn.com/bphoto/ggf14nKK7Dp9-yBlKldeVQ/o.jpg,False,https://www.yelp.com/biz/love-at-first-bite-catering-huntington-beach?adjust_creative=AJJp5ZbyG3U4JVXpf7gCgQ&utm_campaign=yelp_api_v3&utm_medium=api_v3_business_search&utm_source=AJJp5ZbyG3U4JVXpf7gCgQ,42,"[{'alias': 'catering', 'title': 'Caterers'}]",4.5,"{'latitude': 33.696873, 'longitude': -118.0009575}",[],"{'address1': '18281 Gothard St', 'address2': 'Ste 108', 'address3': '', 'city': 'Huntington Beach', 'zip_code': '92648', 'country': 'US', 'state': 'CA', 'display_address': ['18281 Gothard St', 'Ste 108', 'Huntington Beach, CA 92648']}",+17143755566,(714) 375-5566,37555.465170557,
BlXK1sNpQ_BghLx0D_RkZQ,r-and-r-events-la-los-angeles-2,R&R Events LA,https://s3-media2.fl.yelpcdn.com/bphoto/wWc4iooQU2Bpv2vQhwY7gw/o.jpg,False,https://www.yelp.com/biz/r-and-r-events-la-los-angeles-2?adjust_creative=AJJp5ZbyG3U4JVXpf7gCgQ&utm_campaign=yelp_api_v3&utm_medium=api_v3_business_search&utm_source=AJJp5ZbyG3U4JVXpf7gCgQ,7,"[{'alias': 'catering', 'title': 'Caterers'}, {'alias': 'bartenders', 'title': 'Bartenders'}]",5.0,"{'latitude': 34.03888, 'longitude': -118.2352}",[],"{'address1': '1308 Factory Pl', 'address2': None, 'address3': '', 'city': 'Los Angeles', 'zip_code': '90013', 'country': 'US', 'state': 'CA', 'display_address': ['1308 Factory Pl', 'Los Angeles, CA 90013']}",+12135347166,(213) 534-7166,34719.66556958712,
MpqBBe38t4bFYl1MYJN2Zw,king-torta-west-covina,King Torta,https://s3-media3.fl.yelpcdn.com/bphoto/UqNLti0yDYCqM-i2LD_nzw/o.jpg,False,https://www.yelp.com/biz/king-torta-west-covina?adjust_creative=AJJp5ZbyG3U4JVXpf7gCgQ&utm_campaign=yelp_api_v3&utm_medium=api_v3_business_search&utm_source=AJJp5ZbyG3U4JVXpf7gCgQ,174,"[{'alias': 'latin', 'title': 'Latin American'}, {'alias': 'mexican', 'title': 'Mexican'}]",3.0,"{'latitude': 34.0579360434583, 'longitude': -117.935389950871}",[],"{'address1': '956 S Glendora Ave', 'address2': '', 'address3': '', 'city': 'West Covina', 'zip_code': '91790', 'country': 'US', 'state': 'CA', 'display_address': ['956 S Glendora Ave', 'West Covina, CA 91790']}",+16263377400,(626) 337-7400,8517.302220324771,$
fJ4CRHWEkWNyakq5y3mTsA,elegant-affair-catering-anaheim,Elegant Affair Catering,https://s3-media1.fl.yelpcdn.com/bphoto/o2Mpelz0EBJBePwoLPcdKQ/o.jpg,False,https://www.yelp.com/biz/elegant-affair-catering-anaheim?adjust_creative=AJJp5ZbyG3U4JVXpf7gCgQ&utm_campaign=yelp_api_v3&utm_medium=api_v3_business_search&utm_source=AJJp5ZbyG3U4JVXpf7gCgQ,27,"[{'alias': 'catering', 'title': 'Caterers'}]",4.0,"{'latitude': 33.8448677062988, 'longitude': -117.951683044434}",[],"{'address1': '', 'address2': '', 'address3': '', 'city': 'Anaheim', 'zip_code': '92801', 'country': 'US', 'state': 'CA', 'display_address': ['Anaheim, CA 92801']}",+17145320114,(714) 532-0114,20472.681300937606,
uDxJ5i1uPLDRfAU3PIi00g,los-taquero-mucho-downey,Los Taquero Mucho,https://s3-media2.fl.yelpcdn.com/bphoto/egjlcnpJGULv0uadabc4KA/o.jpg,False,https://www.yelp.com/biz/los-taquero-mucho-downey?adjust_creative=AJJp5ZbyG3U4JVXpf7gCgQ&utm_campaign=yelp_api_v3&utm_medium=api_v3_business_search&utm_source=AJJp5ZbyG3U4JVXpf7gCgQ,19,"[{'alias': 'catering', 'title': 'Caterers'}]",5.0,"{'latitude': 33.9218826293945, 'longitude': -118.139381408691}",[],"{'address1': '', 'address2': None, 'address3': '', 'city': 'Downey', 'zip_code': '90242', 'country': 'US', 'state': 'CA', 'display_address': ['Downey, CA 90242']}",+15627269898,(562) 726-9898,27121.60176379917,
LOkSHLdhIIjJ5ipqZyV8zA,petite-taco-bar-los-angeles,Petite Taco Bar,https://s3-media3.fl.yelpcdn.com/bphoto/IQXNsGIYpqEFpROl3h6DHA/o.jpg,False,https://www.yelp.com/biz/petite-taco-bar-los-angeles?adjust_creative=AJJp5ZbyG3U4JVXpf7gCgQ&utm_campaign=yelp_api_v3&utm_medium=api_v3_business_search&utm_source=AJJp5ZbyG3U4JVXpf7gCgQ,52,"[{'alias': 'catering', 'title': 'Caterers'}]",4.5,"{'latitude': 33.97853, 'longitude': -118.2497}",[],"{'address1': None, 'address2': None, 'address3': '', 'city': 'Los Angeles', 'zip_code': '90001', 'country': 'US', 'state': 'CA', 'display_address': ['Los Angeles, CA 90001']}",+18189191731,(818) 919-1731,35998.210870350355,
umXav378BbIABHBsyDnlkA,rasta-rita-margarita-and-beverage-truck-laguna-beach-6,Rasta Rita Margarita and Beverage Truck,https://s3-media3.fl.yelpcdn.com/bphoto/OTzhuHF25j5SZJWf688PxQ/o.jpg,False,https://www.yelp.com/biz/rasta-rita-margarita-and-beverage-truck-laguna-beach-6?adjust_creative=AJJp5ZbyG3U4JVXpf7gCgQ&utm_campaign=yelp_api_v3&utm_medium=api_v3_business_search&utm_source=AJJp5ZbyG3U4JVXpf7gCgQ,64,"[{'alias': 'bartenders', 'title': 'Bartenders'}, {'alias': 'foodtrucks', 'title': 'Food Trucks'}]",4.5,"{'latitude': 33.544145, 'longitude': -117.783152}",[],"{'address1': '170 Beach St.', 'address2': None, 'address3': '', 'city': 'Laguna Beach', 'zip_code': '92651', 'country': 'US', 'state': 'CA', 'display_address': ['170 Beach St.', 'Laguna Beach, CA 92651']}",+18669672782,(866) 967-2782,52688.826989377405,$$$
4bT-TmXpAUtkT8-QBXx0JQ,dogge-depot-catering-irvine,Dogge Depot Catering,https://s3-media3.fl.yelpcdn.com/bphoto/-oTtj7rRp1YsSDafMogAwQ/o.jpg,False,https://www.yelp.com/biz/dogge-depot-catering-irvine?adjust_creative=AJJp5ZbyG3U4JVXpf7gCgQ&utm_campaign=yelp_api_v3&utm_medium=api_v3_business_search&utm_source=AJJp5ZbyG3U4JVXpf7gCgQ,17,"[{'alias': 'catering', 'title': 'Caterers'}]",5.0,"{'latitude': 33.6557350158691, 'longitude': -117.823165893555}",[],"{'address1': '', 'address2': '', 'address3': '', 'city': 'Irvine', 'zip_code': '92612', 'country': 'US', 'state': 'CA', 'display_address': ['Irvine, CA 92612']}",+19494001013,(949) 400-1013,39557.91530211321,
p80H4LNPVe3rUB7YBjH4bg,shawarma-and-falafel-palace-food-truck-los-angeles,Shawarma and Falafel Palace Food Truck,https://s3-media4.fl.yelpcdn.com/bphoto/PqIyfkgdazQ46xaSs_VFzw/o.jpg,False,https://www.yelp.com/biz/shawarma-and-falafel-palace-food-truck-los-angeles?adjust_creative=AJJp5ZbyG3U4JVXpf7gCgQ&utm_campaign=yelp_api_v3&utm_medium=api_v3_business_search&utm_source=AJJp5ZbyG3U4JVXpf7gCgQ,1,"[{'alias': 'foodtrucks', 'title': 'Food Trucks'}, {'alias': 'mideastern', 'title': 'Middle Eastern'}]",1.0,"{'latitude': 34.21332, 'longitude': -118.35861}",[],"{'address1': '7782 San Fernando Rd', 'address2': None, 'address3': '', 'city': 'Los Angeles', 'zip_code': '91352', 'country': 'US', 'state': 'CA', 'display_address': ['7782 San Fernando Rd', 'Los Angeles, CA 91352']}",+18182824301,(818) 282-4301,51001.58820989948,$
q7b7bRcOIG9_jIXiDZzTdw,felice-italian-catering-redondo-beach-2,Felice Italian Catering,https://s3-media3.fl.yelpcdn.com/bphoto/YIj3NcNh1n6nas4Lat17fA/o.jpg,False,https://www.yelp.com/biz/felice-italian-catering-redondo-beach-2?adjust_creative=AJJp5ZbyG3U4JVXpf7gCgQ&utm_campaign=yelp_api_v3&utm_medium=api_v3_business_search&utm_source=AJJp5ZbyG3U4JVXpf7gCgQ,38,"[{'alias': 'catering', 'title': 'Caterers'}]",5.0,"{'latitude': 33.8721389770508, 'longitude': -118.36678314209}",[],"{'address1': None, 'address2': None, 'address3': None, 'city': 'Redondo beach', 'zip_code': '90278', 'country': 'US', 'state': 'CA', 'display_address': ['Redondo beach, CA 90278']}",+13102212102,(310) 221-2102,50309.331274519405,
EGz4toczaB2njcFcqGzsxA,fiyahnesian-cuisine-harbor-city,FiyahNesian Cuisine,https://s3-media2.fl.yelpcdn.com/bphoto/PHIZkwxxANtbnts2hX2pUQ/o.jpg,False,https://www.yelp.com/biz/fiyahnesian-cuisine-harbor-city?adjust_creative=AJJp5ZbyG3U4JVXpf7gCgQ&utm_campaign=yelp_api_v3&utm_medium=api_v3_business_search&utm_source=AJJp5ZbyG3U4JVXpf7gCgQ,30,"[{'alias': 'foodstands', 'title': 'Food Stands'}, {'alias': 'mexican', 'title': 'Mexican'}]",5.0,"{'latitude': 33.79389, 'longitude': -118.2975}",[],"{'address1': '', 'address2': '', 'address3': None, 'city': 'Harbor City', 'zip_code': '90710', 'country': 'US', 'state': 'CA', 'display_address': ['Harbor City, CA 90710']}",+13108094071,(310) 809-4071,47013.05354095636,$$
N-pumgz1I3Z96-qO5Vm-4Q,tres-la-los-angeles,Tres LA,https://s3-media4.fl.yelpcdn.com/bphoto/kepqkfD5BzwbMrBOrRWejQ/o.jpg,False,https://www.yelp.com/biz/tres-la-los-angeles?adjust_creative=AJJp5ZbyG3U4JVXpf7gCgQ&utm_campaign=yelp_api_v3&utm_medium=api_v3_business_search&utm_source=AJJp5ZbyG3U4JVXpf7gCgQ,148,"[{'alias': 'catering', 'title': 'Caterers'}]",5.0,"{'latitude': 34.06083, 'longitude': -118.2804}",[],"{'address1': '627 S Carondelet St', 'address2': None, 'address3': None, 'city': 'Los Angeles', 'zip_code': '90057', 'country': 'US', 'state': 'CA', 'display_address': ['627 S Carondelet St', 'Los Angeles, CA 90057']}",+13234661835,(323) 466-1835,39091.271033124816,
HS6bOTlx_-QHoKe0eB38iA,richard-jones-pit-bbq-catering-santa-ana-2,Richard Jones Pit BBQ Catering,https://s3-media1.fl.yelpcdn.com/bphoto/B7y4W-LaaAKfqCRhHAhiXw/o.jpg,False,https://www.yelp.com/biz/richard-jones-pit-bbq-catering-santa-ana-2?adjust_creative=AJJp5ZbyG3U4JVXpf7gCgQ&utm_campaign=yelp_api_v3&utm_medium=api_v3_business_search&utm_source=AJJp5ZbyG3U4JVXpf7gCgQ,94,"[{'alias': 'catering', 'title': 'Caterers'}]",5.0,"{'latitude': 33.704353, 'longitude': -117.916525}","['delivery', 'pickup']","{'address1': '3500 W Moore Ave', 'address2': 'Ste K', 'address3': '', 'city': 'Santa Ana', 'zip_code': '92704', 'country': 'US', 'state': 'CA', 'display_address': ['3500 W Moore Ave', 'Ste K', 'Santa Ana, CA 92704']}",+17146626868,(714) 662-6868,34788.829430097816,
ny0cIj_PA44OlxGXiaDX_A,party-and-sushi-los-angeles,Party and Sushi,https://s3-media2.fl.yelpcdn.com/bphoto/AgaO0r7SUJ7AKWfwCUcOEg/o.jpg,False,https://www.yelp.com/biz/party-and-sushi-los-angeles?adjust_creative=AJJp5ZbyG3U4JVXpf7gCgQ&utm_campaign=yelp_api_v3&utm_medium=api_v3_business_search&utm_source=AJJp5ZbyG3U4JVXpf7gCgQ,177,"[{'alias': 'catering', 'title': 'Caterers'}]",5.0,"{'latitude': 33.9542589278283, 'longitude': -118.439737362753}",[],"{'address1': '', 'address2': '', 'address3': '', 'city': 'Los Angeles', 'zip_code': '90024', 'country': 'US', 'state': 'CA', 'display_address': ['Los Angeles, CA 90024']}",+19493757315,(949) 375-7315,53863.72019957921,
d4zcO-WrzpeMmzukpZv17A,two-doughs-pizza-co-west-hills,Two Doughs Pizza Co,https://s3-media1.fl.yelpcdn.com/bphoto/C9tElcVkQ6iqbnQUB8sr8g/o.jpg,False,https://www.yelp.com/biz/two-doughs-pizza-co-west-hills?adjust_creative=AJJp5ZbyG3U4JVXpf7gCgQ&utm_campaign=yelp_api_v3&utm_medium=api_v3_business_search&utm_source=AJJp5ZbyG3U4JVXpf7gCgQ,93,"[{'alias': 'foodtrucks', 'title': 'Food Trucks'}, {'alias': 'catering', 'title': 'Caterers'}]",5.0,"{'latitude': 34.1987412013994, 'longitude': -118.630757134359}","['delivery', 'pickup']","{'address1': '23130 Sherman Way', 'address2': None, 'address3': '', 'city': 'West Hills', 'zip_code': '91307', 'country': 'US', 'state': 'CA', 'display_address': ['23130 Sherman Way', 'West Hills, CA 91307']}",+18188511052,(818) 851-1052,73890.47106027107,$$
PkiEfzTbVYLvJm8srge7dA,exquisite-tacos-los-angeles-2,Exquisite Tacos,https://s3-media1.fl.yelpcdn.com/bphoto/nC6EIWMWFe-VB4cndKjZ3g/o.jpg,False,https://www.yelp.com/biz/exquisite-tacos-los-angeles-2?adjust_creative=AJJp5ZbyG3U4JVXpf7gCgQ&utm_campaign=yelp_api_v3&utm_medium=api_v3_business_search&utm_source=AJJp5ZbyG3U4JVXpf7gCgQ,9,"[{'alias': 'catering', 'title': 'Caterers'}]",4.0,"{'latitude': 34.05211, 'longitude': -118.38718}",[],"{'address1': '', 'address2': None, 'address3': '', 'city': 'Los Angeles', 'zip_code': '90035', 'country': 'US', 'state': 'CA', 'display_address': ['Los Angeles, CA 90035']}",+13239152676,(323) 915-2676,48482.5732401413,
QfQbhNsfFeOKrP5KR_HWRQ,rise-and-shine-catering-los-angeles,Rise &  Shine Catering,https://s3-media1.fl.yelpcdn.com/bphoto/OadJXbhn10fV2dnc7-kFRg/o.jpg,False,https://www.yelp.com/biz/rise-and-shine-catering-los-angeles?adjust_creative=AJJp5ZbyG3U4JVXpf7gCgQ&utm_campaign=yelp_api_v3&utm_medium=api_v3_business_search&utm_source=AJJp5ZbyG3U4JVXpf7gCgQ,44,"[{'alias': 'catering', 'title': 'Caterers'}]",4.0,"{'latitude': 33.9580261, 'longitude': -118.3960323}","['delivery', 'pickup']","{'address1': '6511 1/4 S Sepulveda Blvd', 'address2': None, 'address3': '', 'city': 'Los Angeles', 'zip_code': '90045', 'country': 'US', 'state': 'CA', 'display_address': ['6511 1/4 S Sepulveda Blvd', 'Los Angeles, CA 90045']}",+13106490906,(310) 649-0906,49812.060967599435,
BQ15F1YJgn7dYfEaXLaRRQ,la-panzano-gourmet-los-angeles-5,La Panzano Gourmet,https://s3-media1.fl.yelpcdn.com/bphoto/xmZq7kSja2ADZkctvaUwww/o.jpg,False,https://www.yelp.com/biz/la-panzano-gourmet-los-angeles-5?adjust_creative=AJJp5ZbyG3U4JVXpf7gCgQ&utm_campaign=yelp_api_v3&utm_medium=api_v3_business_search&utm_source=AJJp5ZbyG3U4JVXpf7gCgQ,48,"[{'alias': 'catering', 'title': 'Caterers'}, {'alias': 'eventplanning', 'title': 'Party & Event Planning'}, {'alias': 'personalchefs', 'title': 'Personal Chefs'}]",4.0,"{'latitude': 33.6757519823025, 'longitude': -117.926709658655}","['delivery', 'pickup']","{'address1': '362 W 6th St', 'address2': None, 'address3': None, 'city': 'Los Angeles', 'zip_code': '90731', 'country': 'US', 'state': 'CA', 'display_address': ['362 W 6th St', 'Los Angeles, CA 90731']}",+17144863588,(714) 486-3588,38077.116261980926,
YHxEgOQ6zBRtVEQs5E58PQ,chipotle-mexican-grill-west-covina-2,Chipotle Mexican Grill,https://s3-media2.fl.yelpcdn.com/bphoto/Acyov4IZUqG_JUQwMPaXZg/o.jpg,False,https://www.yelp.com/biz/chipotle-mexican-grill-west-covina-2?adjust_creative=AJJp5ZbyG3U4JVXpf7gCgQ&utm_campaign=yelp_api_v3&utm_medium=api_v3_business_search&utm_source=AJJp5ZbyG3U4JVXpf7gCgQ,152,"[{'alias': 'mexican', 'title': 'Mexican'}, {'alias': 'hotdogs', 'title': 'Fast Food'}]",2.5,"{'latitude': 34.0711073, 'longitude': -117.9327713}",['delivery'],"{'address1': '427 Plaza Dr', 'address2': '', 'address3': '', 'city': 'West Covina', 'zip_code': '91790', 'country': 'US', 'state': 'CA', 'display_address': ['427 Plaza Dr', 'West Covina, CA 91790']}",+16263842211,(626) 384-2211,9263.0371448809,$
YPMOuCwyVwjRskhPuIa5YA,gemelas-california-catering-woodland-hills,Gemelas California Catering,https://s3-media2.fl.yelpcdn.com/bphoto/3e3kYkRC44UrO5HNJv-1Uw/o.jpg,False,https://www.yelp.com/biz/gemelas-california-catering-woodland-hills?adjust_creative=AJJp5ZbyG3U4JVXpf7gCgQ&utm_campaign=yelp_api_v3&utm_medium=api_v3_business_search&utm_source=AJJp5ZbyG3U4JVXpf7gCgQ,1,"[{'alias': 'catering', 'title': 'Caterers'}]",3.0,"{'latitude': 34.15123, 'longitude': -118.59988}",[],"{'address1': None, 'address2': None, 'address3': None, 'city': 'Woodland Hills', 'zip_code': '91364', 'country': 'US', 'state': 'CA', 'display_address': ['Woodland Hills, CA 91364']}",+18182106127,(818) 210-6127,69162.8457009905,
SUxp0klaRl3N_iPjZJLoKw,carte-blanche-gourmet-tacos-palm-desert,Carte Blanche Gourmet Tacos,https://s3-media3.fl.yelpcdn.com/bphoto/vlsnOJtwRBRUOnmDG3H1GQ/o.jpg,False,https://www.yelp.com/biz/carte-blanche-gourmet-tacos-palm-desert?adjust_creative=AJJp5ZbyG3U4JVXpf7gCgQ&utm_campaign=yelp_api_v3&utm_medium=api_v3_business_search&utm_source=AJJp5ZbyG3U4JVXpf7gCgQ,37,"[{'alias': 'foodtrucks', 'title': 'Food Trucks'}, {'alias': 'catering', 'title': 'Caterers'}]",4.0,"{'latitude': 33.6912002563477, 'longitude': -116.396018981934}",[],"{'address1': '', 'address2': '', 'address3': None, 'city': 'Palm Desert', 'zip_code': '92260', 'country': 'US', 'state': 'CA', 'display_address': ['Palm Desert, CA 92260']}",+14802771102,(480) 277-1102,138811.8259418756,$$
